area,temperature,humidity,heat_index,time_of_day,rider_activity_sensitivity,heat_risk_probability
Indiranagar,16.403942884368657,90,25.403942884368657,0,0.8969923794884311,0.1177244743951043
Indiranagar,16.001871633376233,91,25.101871633376234,1,0.8716209332520817,0.13847579990851483
Indiranagar,17.123641258874624,90,26.123641258874624,2,0.786261993767296,0.0880577408977758
Indiranagar,19.630487811689306,79,27.530487811689305,3,0.3352256442294759,0.29510495420967503
Indiranagar,23.28800264787862,68,30.08800264787862,4,0.42755799562698815,0.2945280940178846
Indiranagar,25.145309012259297,61,31.2453090122593,5,0.35039793846262013,0.22966432869585907
Indiranagar,28.36338134470622,50,33.36338134470622,6,0.3427871154512569,0.22517184417607633
Indiranagar,29.37559061566329,44,33.77559061566329,7,0.8548531212604287,0.1422150610196951
Indiranagar,30.120044881031895,38,33.92004488103189,8,0.8139339520966442,0.18338835204032355
Indiranagar,31.45286142568476,35,34.95286142568476,9,0.4336537239509516,0.2494828401600898
Indiranagar,28.649309139955225,35,32.14930913995522,10,0.6976865948602836,0.18017708504410895
Indiranagar,30.886918192071313,36,34.486918192071315,11,0.79148089914716,0.2696699563678553
Indiranagar,29.143249795698075,36,32.74324979569808,12,0.6495621632006363,0.15904700605069627
Indiranagar,27.817028755733826,41,31.917028755733828,13,0.6201298058449352,0.27088891531341197
Indiranagar,27.022144477083295,51,32.122144477083296,14,0.8349057578368151,0.20949396940478704
Indiranagar,23.861280529518336,59,29.761280529518338,15,0.5792750154111725,0.20342962377590318
Indiranagar,23.54582205249472,64,29.94582205249472,16,0.6799526901303954,0.22892924543797155
Indiranagar,22.1809497504541,68,28.9809497504541,17,0.37916568167394504,0.2007787233934502
Indiranagar,21.263975612384016,72,28.463975612384015,18,0.4591133848725871,0.21694194998708827
Indiranagar,22.239093090999784,77,29.939093090999783,19,0.694066872423051,0.12312356253215309
Indiranagar,20.123895320866414,84,28.523895320866416,20,0.6906969809843679,0.08397701411457101
Indiranagar,19.511382407397804,88,28.311382407397804,21,0.6970523545094547,0.1394183326639373
Indiranagar,18.507842015713138,89,27.407842015713136,22,0.4343237592723813,0.168373979245186
Indiranagar,18.976779202781007,90,27.976779202781007,23,0.4396317127664222,0.27821317724867733
Indiranagar,18.667088000840874,92,27.867088000840873,0,0.37114851172358665,0.2537242088017093
Indiranagar,17.25115441864376,93,26.551154418643762,1,0.42343379549831095,0.21052954444339791
Indiranagar,19.863578350761042,92,29.06357835076104,2,0.6462739599268108,0.11989200877804486
Indiranagar,21.018576988380858,82,29.21857698838086,3,0.4510799112751633,0.22221937208618328
Indiranagar,24.666678593454638,69,31.56667859345464,4,0.6115776728548477,0.2091538891181612
Indiranagar,27.509492026467544,55,33.00949202646754,5,0.6442275909273107,0.188689905096664
Indiranagar,28.720493043028466,46,33.32049304302846,6,0.3994773237650103,0.30360469454086425
Indiranagar,31.10978730059076,40,35.10978730059076,7,0.7660558885326691,0.2062169738082707
Indiranagar,30.382845463218203,37,34.082845463218206,8,0.845055925427926,0.22311278475078347
Indiranagar,27.80105238583546,35,31.30105238583546,9,0.8704208521586321,0.11110641298396791
Indiranagar,29.59224455367152,34,32.99224455367152,10,0.42013396277978876,0.22860180699932092
Indiranagar,30.304226431099675,34,33.70422643109968,11,0.3250739725414825,0.284132632259996
Indiranagar,31.43253448580542,35,34.93253448580542,12,0.5084183680422787,0.26638532964650397
Indiranagar,27.845882765718397,43,32.1458827657184,13,0.6998162758511718,0.1520776795389854
Indiranagar,27.76215313453987,51,32.86215313453987,14,0.6390505170438332,0.25584906471974356
Indiranagar,24.505886233801135,55,30.005886233801135,15,0.6241868493457314,0.24026484954095273
Indiranagar,25.545339645746253,54,30.94533964574625,16,0.5639329226853378,0.1471879864872959
Indiranagar,24.805563511601026,56,30.405563511601027,17,0.4227933642232138,0.2818988629692049
Indiranagar,22.903695645047826,62,29.103695645047825,18,0.8917509698186918,0.19241313360204254
Indiranagar,22.740547661961894,68,29.540547661961895,19,0.5687152370103998,0.2176168346129195
Indiranagar,21.616579844340965,73,28.916579844340966,20,0.7341862309372669,0.16425548201900272
Indiranagar,21.734494470155802,77,29.4344944701558,21,0.8017824899077444,0.13242008701122848
Indiranagar,21.20603863363077,78,29.00603863363077,22,0.6778968428322784,0.1808249329859913
Indiranagar,22.13428364624302,77,29.83428364624302,23,0.785019706746644,0.21600695600132608
Indiranagar,21.160098438405242,79,29.06009843840524,0,0.45684185854395765,0.23990640242967573
Indiranagar,20.66722349701821,82,28.86722349701821,1,0.5763119535276229,0.16700293707119912
Indiranagar,20.260968113179054,81,28.360968113179055,2,0.3494706402360198,0.22716072368190152
Indiranagar,23.24628594545507,75,30.74628594545507,3,0.7500845064525987,0.2592502709779838
Indiranagar,23.507931216984186,66,30.107931216984188,4,0.8927150312920775,0.11483587430034012
Indiranagar,28.118191931190683,57,33.81819193119068,5,0.7542701617088647,0.13254504040610332
Indiranagar,28.13464215534782,51,33.23464215534782,6,0.8506577664805122,0.29356739043788865
Indiranagar,29.69224666267227,44,34.092246662672274,7,0.7666414123141322,0.08353156907801906
Indiranagar,30.19200456555975,39,34.09200456555975,8,0.6205224933500414,0.21051648891310443
Indiranagar,31.205531699741574,37,34.90553169974157,9,0.40845311893257386,0.3377999714686098
Indiranagar,30.37149379432136,37,34.07149379432136,10,0.8117543709930009,0.19135568314997536
Indiranagar,30.386126877076144,38,34.18612687707614,11,0.8503422218733532,0.13501842780248902
Indiranagar,29.36297014290448,40,33.36297014290448,12,0.36343786131327704,0.3279651737931551
Indiranagar,28.48945200391236,46,33.089452003912356,13,0.4721919625864358,0.23137599037793743
Indiranagar,27.088172117867174,54,32.48817211786717,14,0.8169369107330513,0.14409795881240806
Indiranagar,26.56061482301438,55,32.060614823014376,15,0.6270207907513279,0.13894204147352476
Indiranagar,25.708054260014634,58,31.508054260014635,16,0.7586149114627476,0.14122648752878383
Indiranagar,24.27528977934376,66,30.87528977934376,17,0.5731274407264417,0.07152658582296945
Indiranagar,23.663899133885476,73,30.963899133885477,18,0.33405084989227907,0.17935987149102753
Indiranagar,23.949731453384977,77,31.649731453384977,19,0.6394755003591224,0.21311662186031016
Indiranagar,21.648906658025574,80,29.648906658025574,20,0.8022355931882095,0.1681098849566492
Indiranagar,21.56867684996516,82,29.76867684996516,21,0.4348696480699038,0.208954410007822
Indiranagar,21.475452302036167,84,29.875452302036166,22,0.7510217939378063,0.20287007500434193
Indiranagar,22.0257907808176,85,30.5257907808176,23,0.640035807543957,0.19675674887048156
Indiranagar,21.799717044156143,86,30.39971704415614,0,0.7650190264548357,0.10783939243105874
Indiranagar,20.513990076191828,87,29.213990076191827,1,0.8747855991514075,0.22701819171151488
Indiranagar,23.20730363188398,86,31.807303631883983,2,0.6239545019488552,0.22744035997606804
Indiranagar,24.73107002744979,77,32.43107002744979,3,0.33868074911663587,0.29102718578843095
Indiranagar,26.05474028846772,65,32.55474028846772,4,0.6064111798943825,0.25431588489342805
Indiranagar,28.60479882891179,51,33.70479882891179,5,0.728829641866305,0.17351484196511593
Indiranagar,28.449029372583276,41,32.54902937258328,6,0.5177450959736143,0.16741422913180254
Indiranagar,31.956280187162793,37,35.65628018716279,7,0.628860042169368,0.22048778263219557
Indiranagar,30.179887864936255,34,33.57988786493625,8,0.8078958902769331,0.1362069351512406
Indiranagar,31.996095461115157,33,35.29609546111516,9,0.7364248292108636,0.22647197200663027
Indiranagar,31.112664460765703,32,34.3126644607657,10,0.5022890311300172,0.23883386952748434
Indiranagar,31.698727676550483,33,34.99872767655048,11,0.635177070625901,0.2886581118888544
Indiranagar,30.367172096077347,35,33.86717209607735,12,0.8474045717161158,0.1673619062977161
Indiranagar,27.04645943094567,39,30.946459430945673,13,0.6732158016086525,0.2510670322652444
Indiranagar,26.829577977683453,45,31.329577977683453,14,0.6648991504288071,0.26669915471269495
Indiranagar,24.720580663668553,51,29.820580663668554,15,0.4492571620348931,0.2804098914390765
Indiranagar,24.826984175956326,56,30.426984175956328,16,0.4436474949712864,0.251142818089964
Indiranagar,25.56522079036464,60,31.56522079036464,17,0.864362579408545,0.2290406975190445
Indiranagar,23.594514396236445,64,29.994514396236447,18,0.35521843735705266,0.2765686109187767
Indiranagar,21.20982671594023,69,28.10982671594023,19,0.6924211072426987,0.2219508266644928
Indiranagar,22.679677620507036,73,29.979677620507037,20,0.8025562337192533,0.019116692669755603
Indiranagar,21.885138836785558,77,29.585138836785557,21,0.3418391941031274,0.32004364732202417
Indiranagar,22.514063137685554,81,30.614063137685555,22,0.8330359093947184,0.1322066784589062
Indiranagar,20.634518906888943,85,29.134518906888943,23,0.5643147299098268,0.14283167435687555
Indiranagar,19.517367211219387,85,28.017367211219387,0,0.7014577485256461,0.2735692099630916
Indiranagar,22.092470683436225,80,30.092470683436225,1,0.370418119518555,0.2735001904321845
Indiranagar,20.78538469986855,71,27.885384699868553,2,0.5286505617995021,0.2494146018496851
Indiranagar,23.06299836802371,62,29.26299836802371,3,0.37920701617901204,0.3114156499279182
Indiranagar,26.208489680181398,53,31.5084896801814,4,0.7834346612370306,0.06715046772496516
Indiranagar,27.08784753986095,44,31.48784753986095,5,0.7076600077951986,0.17808249938469223
Indiranagar,29.844076581136715,37,33.544076581136714,6,0.39831468166559614,0.2929517291831314
Indiranagar,31.404234698215504,32,34.60423469821551,7,0.8294477635573447,0.1896806155381459
Indiranagar,31.211530980047495,29,34.1115309800475,8,0.5121393957838373,0.3145428047232407
Indiranagar,30.53658391469474,27,33.23658391469474,9,0.8509080792611439,0.2317989206667309
Indiranagar,31.812674463413316,27,34.51267446341332,10,0.3415796773542011,0.34587594962751317
Indiranagar,32.46629260497056,28,35.26629260497056,11,0.41314825382140596,0.30777591214556466
Indiranagar,30.376393158881314,31,33.476393158881315,12,0.545998760627638,0.4021029720011743
Indiranagar,28.4057365904538,35,31.9057365904538,13,0.7626825159462792,0.24522779489746793
Indiranagar,26.547914877972563,41,30.647914877972564,14,0.4942010105139383,0.15829072203799227
Indiranagar,25.20011682636302,47,29.900116826363018,15,0.6916516629278937,0.20922357124540508
Indiranagar,25.394260000898612,53,30.694260000898613,16,0.6179801147581057,0.15681250220859305
Indiranagar,24.451802865743243,59,30.351802865743245,17,0.3072976625117163,0.30556438650341156
Indiranagar,22.4506617911785,65,28.9506617911785,18,0.47498694270065367,0.21604658694908666
Indiranagar,22.433825009062378,72,29.633825009062377,19,0.7542259045601749,0.17602129056587065
Indiranagar,23.26509843173542,79,31.165098431735423,20,0.41251220035351893,0.2299090128056515
Indiranagar,20.823993287525134,85,29.323993287525134,21,0.7428226267895166,0.1943620235648654
Indiranagar,20.252637937613066,88,29.052637937613067,22,0.4631238611618939,0.29079641636198517
Indiranagar,17.870376910396814,90,26.870376910396814,23,0.7551654668932017,0.20231337567496774
Indiranagar,20.11339797204706,89,29.01339797204706,0,0.34974629588343326,0.27683309080783564
Indiranagar,21.560987005063904,84,29.960987005063906,1,0.33528148205526576,0.26069555902535324
Indiranagar,20.833283948184754,75,28.333283948184754,2,0.3295590762495952,0.1690143164325065
Indiranagar,22.373461074241696,67,29.073461074241695,3,0.7029666109163443,0.21047510668392175
Indiranagar,24.668599583323353,59,30.568599583323355,4,0.799628497147721,0.07247040846553648
Indiranagar,29.595169942051392,50,34.59516994205139,5,0.7728825329432831,0.16445856951833698
Indiranagar,30.425933659736128,44,34.82593365973613,6,0.3257295059213754,0.2093150636709326
Indiranagar,31.216372738218855,39,35.11637273821886,7,0.4827621312284808,0.37166042733687343
Indiranagar,33.71495343899843,33,37.014953438998425,8,0.33336756463548245,0.4497228035832667
Indiranagar,31.988163888611474,30,34.988163888611474,9,0.8503003287750728,0.18713450612204557
Indiranagar,34.14912693266679,29,37.04912693266679,10,0.6898427699820412,0.39974614476743126
Indiranagar,32.885221994521466,30,35.885221994521466,11,0.6722706422780468,0.35710635941524693
Indiranagar,31.03908570170983,32,34.23908570170983,12,0.7698654659662945,0.11801788970329966
Indiranagar,29.767271738368873,36,33.36727173836887,13,0.3325141250704483,0.2085280238767189
Indiranagar,27.283971817233112,42,31.483971817233112,14,0.7730087525187865,0.31164628376693215
Indiranagar,27.431986965466162,48,32.23198696546616,15,0.6170403854568811,0.3044193258831463
Indiranagar,26.864843117364227,53,32.16484311736423,16,0.3370635528013026,0.2452342930177952
Indiranagar,26.076708519865655,58,31.876708519865655,17,0.8292235787146174,0.14541510822467782
Indiranagar,24.165436263217387,63,30.465436263217388,18,0.4776681784338014,0.21044778515629686
Indiranagar,23.2737060018619,70,30.2737060018619,19,0.8111750924106937,0.15546551212796594
Indiranagar,22.06046619130834,77,29.76046619130834,20,0.6945302030478553,0.08908226762259798
Indiranagar,21.866681757817375,83,30.166681757817376,21,0.8684541707389999,0.1359517992402076
Indiranagar,20.17824532833322,87,28.87824532833322,22,0.623527029121699,0.24967123922697096
Indiranagar,22.24749824860141,90,31.24749824860141,23,0.4836293081947744,0.21803285381825085
Indiranagar,21.40467135236559,89,30.304671352365588,0,0.7339010848431349,0.1581100734698757
Indiranagar,22.054915433817293,84,30.45491543381729,1,0.7046543088962077,0.18744654519354237
Indiranagar,23.855878112034713,77,31.555878112034712,2,0.6701141992117445,0.18490733659835856
Indiranagar,23.455893758104207,68,30.255893758104207,3,0.556813333041986,0.2048648414963317
Indiranagar,25.138451929534508,58,30.93845192953451,4,0.8763759886827065,0.12647818150376422
Indiranagar,29.186723791290223,46,33.78672379129022,5,0.4461160444914394,0.24071055501017233
Indiranagar,30.06762855287034,37,33.76762855287034,6,0.8263477267755128,0.22118548047846975
Indiranagar,31.67258779282301,31,34.77258779282301,7,0.4408849934768375,0.2533930762748487
Indiranagar,31.9710668449376,28,34.7710668449376,8,0.6227052419138736,0.34586753333214443
Indiranagar,33.751010143750584,26,36.351010143750585,9,0.5622748433346056,0.48651160822675377
Indiranagar,32.46815571512213,24,34.86815571512213,10,0.5798138203393431,0.3207359873424915
Indiranagar,34.39819567964121,24,36.79819567964121,11,0.5950630220862145,0.42395147847255776
Indiranagar,33.089212215958895,25,35.589212215958895,12,0.46392238113809064,0.41386324494655957
Indiranagar,31.675290400245753,27,34.37529040024575,13,0.46959134740342845,0.28342929004020173
Indiranagar,28.58647830722541,31,31.68647830722541,14,0.8780227110221748,0.11992606166811057
Indiranagar,26.50136644441913,37,30.20136644441913,15,0.46109993360532353,0.20680820168029557
Indiranagar,25.379776706785112,45,29.879776706785112,16,0.7256757976561816,0.1689182790485736
Indiranagar,22.91024429288812,55,28.41024429288812,17,0.4495450963617019,0.17592975401725408
Indiranagar,23.2209699456728,64,29.620969945672798,18,0.3403575375696853,0.2206101955411488
Indiranagar,21.659621826698505,70,28.659621826698505,19,0.7102330610484654,0.1190283956034726
Indiranagar,21.80302522157693,74,29.20302522157693,20,0.8810525022549143,0.2293465069785622
Indiranagar,20.535074654078237,78,28.335074654078237,21,0.7530454993579168,0.12224602881508506
Indiranagar,21.53165126176223,82,29.73165126176223,22,0.8662147562310201,0.19171852582253512
Indiranagar,19.860968881733427,85,28.360968881733427,23,0.634961598325629,0.18583375577926248
Whitefield,19.012203636574327,92,28.21220363657433,0,0.8865069478268419,0.1788536240558614
Whitefield,17.905899882231637,92,27.10589988223164,1,0.8320111565668322,0.10311948345053537
Whitefield,15.905266294623566,91,25.005266294623567,2,0.888030062459086,0.09611781743293149
Whitefield,20.358813937100027,79,28.25881393710003,3,0.4508736111345431,0.2657571698804847
Whitefield,24.214211020609802,67,30.9142110206098,4,0.5503632688435313,0.24845125317903505
Whitefield,25.833973676690675,59,31.733973676690674,5,0.5850271590645626,0.2614725722149218
Whitefield,26.429078514049447,48,31.229078514049448,6,0.8376264082206062,0.14418894599615667
Whitefield,28.429973474711225,42,32.62997347471123,7,0.601333078948443,0.10857430078755104
Whitefield,28.77609743229199,37,32.47609743229199,8,0.36466889519713647,0.2904228289809882
Whitefield,31.55122449133468,34,34.95122449133468,9,0.5775654616607306,0.3319112333076561
Whitefield,31.472054134939963,34,34.872054134939965,10,0.7526089608025748,0.2851901584596847
Whitefield,28.430821308668264,37,32.13082130866827,11,0.8054505531822793,0.12254813350143637
Whitefield,29.880605012970037,37,33.58060501297004,12,0.58545062112314,0.17922789163236988
Whitefield,28.024809965070464,42,32.22480996507046,13,0.6059587911864991,0.23567699125604744
Whitefield,27.296542730741287,55,32.79654273074129,14,0.4578293386017368,0.2800224448621513
Whitefield,23.85061070829188,62,30.05061070829188,15,0.4993575560506914,0.12479329091196767
Whitefield,22.62954708574551,67,29.32954708574551,16,0.5468732695512994,0.289715025981894
Whitefield,22.735156962748345,71,29.835156962748346,17,0.5292237777802685,0.16185724478116412
Whitefield,21.462456318699765,74,28.862456318699763,18,0.330372937176252,0.1465258213859222
Whitefield,19.932423154133105,84,28.332423154133103,19,0.4188646605261894,0.20496585475736606
Whitefield,21.533759686487347,88,30.333759686487348,20,0.37559165993548693,0.2919102778711985
Whitefield,20.310489491364528,91,29.41048949136453,21,0.41045724182491344,0.1230110862584103
Whitefield,18.741168026932943,92,27.941168026932942,22,0.40305836515080584,0.3187856025436062
Whitefield,18.553464871631014,92,27.753464871631017,23,0.5325267646181888,0.16275636121095752
Whitefield,17.892219048766528,94,27.292219048766526,0,0.8002165332242634,0.13965586828069687
Whitefield,19.74661943663106,95,29.24661943663106,1,0.30297504389822844,0.20668620015218683
Whitefield,18.7182958437273,93,28.0182958437273,2,0.860211377583205,0.15077200096089485
Whitefield,22.359302491221296,83,30.659302491221297,3,0.5437531802568176,0.24766714358317615
Whitefield,24.040683726644318,70,31.040683726644318,4,0.8880680813300967,0.17955924720669836
Whitefield,26.326322249156643,55,31.826322249156643,5,0.6571183588518043,0.15111859000085825
Whitefield,27.457725984033477,47,32.157725984033476,6,0.8570950443293115,0.09909858676825334
Whitefield,31.40795804032646,40,35.40795804032646,7,0.3969382055584355,0.27760816260122545
Whitefield,31.013105177219327,36,34.613105177219325,8,0.5559031954855647,0.3162708403753151
Whitefield,29.20324840350777,34,32.60324840350777,9,0.30453852695640804,0.2768067146351818
Whitefield,30.83595210518764,34,34.23595210518764,10,0.35777924702502745,0.28307555564681575
Whitefield,30.819414391256434,33,34.119414391256434,11,0.8297164489359696,0.18410233590325298
Whitefield,29.658511545930992,35,33.15851154593099,12,0.4308122950072779,0.2579127533257088
Whitefield,30.62196646819721,41,34.72196646819721,13,0.83757092384713,0.16451632379636708
Whitefield,25.992154962728375,48,30.792154962728375,14,0.4067598316707896,0.25177941524220265
Whitefield,25.250629967966447,52,30.450629967966446,15,0.8696319351687791,0.129359294600921
Whitefield,26.335050147780915,54,31.735050147780917,16,0.6248065843446564,0.13928316672024163
Whitefield,24.29882902399475,58,30.09882902399475,17,0.30929741987859966,0.3035318677449317
Whitefield,22.908537945750957,64,29.308537945750956,18,0.635367608326983,0.19343959317863715
Whitefield,22.08257045598117,70,29.08257045598117,19,0.4157720225289004,0.22440176996327163
Whitefield,23.69579478616018,74,31.095794786160184,20,0.5022178767735326,0.20792882316319058
Whitefield,22.53823224808247,77,30.23823224808247,21,0.4522777845482001,0.23585959899643946
Whitefield,21.125200894939123,78,28.925200894939124,22,0.7965880066243533,0.1673369856001199
Whitefield,20.674583369496442,82,28.87458336949644,23,0.3562725176276876,0.3404712025284973
Whitefield,22.028561369503034,85,30.528561369503034,0,0.6334771207807921,0.19023306378083057
Whitefield,19.01169117333975,86,27.61169117333975,1,0.41211404746796204,0.2319094235037797
Whitefield,21.619744789097293,85,30.119744789097293,2,0.6761965876638519,0.12719886154225257
Whitefield,22.21303447889064,79,30.11303447889064,3,0.7609745833313658,0.30555944645815963
Whitefield,26.154705174306383,68,32.95470517430638,4,0.7689190494140339,0.2191332810222223
Whitefield,26.89243324100304,57,32.59243324100304,5,0.7354745196845488,0.12406675243827832
Whitefield,28.03765730836074,50,33.037657308360735,6,0.7686568543194896,0.2466050324608998
Whitefield,28.762152656293452,42,32.962152656293455,7,0.353957825893616,0.23307678749465116
Whitefield,31.040301543334582,39,34.940301543334584,8,0.7252302064717717,0.28832725793991487
Whitefield,30.485016464470746,37,34.18501646447075,9,0.7233374076509459,0.26099895079014823
Whitefield,30.925037845587386,37,34.625037845587386,10,0.8601685793536524,0.19883962890869997
Whitefield,30.605171309542115,38,34.40517130954211,11,0.7474533614857821,0.19791145603889643
Whitefield,28.290954935039416,41,32.39095493503942,12,0.6448000169420511,0.19750309910787903
Whitefield,28.82156570422119,47,33.52156570422119,13,0.32398431625569835,0.2836326205819664
Whitefield,25.67546721574768,55,31.17546721574768,14,0.8142185181240089,0.19547282877965064
Whitefield,23.470002029714742,57,29.17000202971474,15,0.8802301625925522,0.21100898576269406
Whitefield,23.78209265665009,61,29.88209265665009,16,0.30603093083810323,0.29934186485816566
Whitefield,24.073684032450394,69,30.973684032450393,17,0.8132710584269935,0.1903074234452856
Whitefield,22.836540630439377,74,30.23654063043938,18,0.3148636113224921,0.2725480673963264
Whitefield,23.16403157444393,78,30.96403157444393,19,0.7504690961081049,0.14086972546466198
Whitefield,21.03442438400844,82,29.23442438400844,20,0.571219981322006,0.16592237837292437
Whitefield,20.89737455614375,86,29.497374556143747,21,0.5400517327193264,0.279374365849116
Whitefield,21.852562687742243,89,30.75256268774224,22,0.4568707258715091,0.18582834063222264
Whitefield,21.53618464522545,90,30.53618464522545,23,0.4999204802816054,0.15103310569993073
Whitefield,23.148818444379668,90,32.14881844437967,0,0.4227457938753395,0.15551577688482013
Whitefield,21.140515684910373,90,30.140515684910373,1,0.7584280096137501,0.18833652178309915
Whitefield,22.42409150448968,87,31.124091504489684,2,0.3309674345912869,0.19060018577264184
Whitefield,24.693460176828346,78,32.49346017682835,3,0.3337374006609738,0.3870461886155049
Whitefield,25.7802640351865,62,31.9802640351865,4,0.45267508473976537,0.29763417015580645
Whitefield,28.006535681767552,50,33.00653568176755,5,0.4791047899656992,0.22057997689610545
Whitefield,29.30544107934262,40,33.30544107934262,6,0.33894409661763214,0.24914895096842324
Whitefield,28.218141720128887,36,31.81814172012889,7,0.3402086641744934,0.28445632205295585
Whitefield,28.545566730888865,34,31.945566730888864,8,0.4912113270099891,0.20679502952837794
Whitefield,31.362530337439658,33,34.662530337439655,9,0.8872951741530175,0.20983152592125057
Whitefield,31.966529137673987,33,35.266529137673984,10,0.5596874986243591,0.32066155397118096
Whitefield,30.694896587255293,34,34.09489658725529,11,0.43360925606150325,0.24919813817677922
Whitefield,29.69807993520273,36,33.29807993520273,12,0.8371470196359112,0.1497280998833747
Whitefield,29.265322343264806,40,33.265322343264806,13,0.30212597315623013,0.27094737082138876
Whitefield,27.12832545393555,45,31.62832545393555,14,0.4630758440014212,0.2792627789352544
Whitefield,26.722095918964513,50,31.722095918964513,15,0.3226643257645297,0.2846961493017754
Whitefield,25.6146252896513,55,31.1146252896513,16,0.49589560270858635,0.24077577379684548
Whitefield,23.82123759374444,60,29.82123759374444,17,0.7746465306938247,0.15050257835248187
Whitefield,21.495621266580333,65,27.995621266580333,18,0.46628741327860024,0.18777867664841777
Whitefield,22.706580610627316,70,29.706580610627316,19,0.34460507475083785,0.1629327127618304
Whitefield,23.301947019199325,75,30.801947019199325,20,0.426471744048704,0.27482616099179047
Whitefield,21.854059312882224,79,29.754059312882227,21,0.85210682579387,0.16711824001217881
Whitefield,21.628533045303037,83,29.928533045303038,22,0.5949164558448411,0.23783403323273128
Whitefield,20.185537370122123,86,28.78553737012212,23,0.39512988153614925,0.2800937173112644
Whitefield,20.282554178020344,85,28.782554178020344,0,0.5624016953607816,0.10083232184283772
Whitefield,19.919848281342457,79,27.81984828134246,1,0.5567789524704725,0.18481217070698186
Whitefield,20.952606923675194,70,27.952606923675194,2,0.7589388021468286,0.0738826516629518
Whitefield,23.43379353862154,61,29.53379353862154,3,0.3449949962437089,0.23664632304775957
Whitefield,25.47444412987428,51,30.57444412987428,4,0.34622266740052887,0.24550166920889316
Whitefield,28.29716209549401,41,32.39716209549401,5,0.5059227574151437,0.15407079627474934
Whitefield,30.453011417573116,33,33.75301141757311,6,0.6999828044430112,0.20587785468433756
Whitefield,30.604782629530575,29,33.504782629530574,7,0.39388394730815823,0.21175517948100825
Whitefield,30.468091727173764,27,33.16809172717377,8,0.8508792703230077,0.2607437003993258
Whitefield,31.574166407113548,27,34.27416640711355,9,0.7369597381322968,0.25430427306583947
Whitefield,32.19452347001019,28,34.994523470010186,10,0.5019087420310423,0.4260905130211581
Whitefield,32.33243061664524,29,35.23243061664524,11,0.3589925256290659,0.36049493600486054
Whitefield,31.390173949528037,32,34.59017394952804,12,0.4756517218099958,0.23887678762730233
Whitefield,30.73097368380424,36,34.33097368380424,13,0.46855986077524525,0.36510842752594797
Whitefield,27.649947446572366,41,31.749947446572367,14,0.41396749747047584,0.22610854896580682
Whitefield,27.045363281222247,46,31.64536328122225,15,0.3627610715555227,0.21041325097599
Whitefield,23.386669882556387,52,28.586669882556386,16,0.33032094682026564,0.17570739418694015
Whitefield,23.73612863896218,58,29.536128638962182,17,0.7444604029990669,0.1893968760278162
Whitefield,23.474197659973953,65,29.974197659973953,18,0.4765265459156903,0.1990432850628209
Whitefield,20.78745654498632,73,28.08745654498632,19,0.85853595180993,0.12741958564102693
Whitefield,21.760425896839447,81,29.860425896839445,20,0.825726091962045,0.12310563128059666
Whitefield,22.019587755371482,87,30.719587755371485,21,0.7196081873734617,0.2142329907412312
Whitefield,20.654375900342824,90,29.654375900342824,22,0.6791210856278862,0.21347772941378876
Whitefield,21.40911403314769,90,30.40911403314769,23,0.7727455858186791,0.1981318286988334
Whitefield,18.847011067674025,88,27.647011067674025,0,0.5553908959647229,0.18382810397081978
Whitefield,19.7373586628693,83,28.037358662869302,1,0.3824842401772982,0.25848565942882273
Whitefield,22.11756932431598,75,29.61756932431598,2,0.7495300813532614,0.2400167103473983
Whitefield,25.290782081568544,67,31.990782081568543,3,0.8797962510665593,0.08914483523812687
Whitefield,25.227721613340016,59,31.127721613340015,4,0.31385880150646567,0.29480962523269527
Whitefield,29.559066564981986,50,34.55906656498199,5,0.5107291081209331,0.2890736239335777
Whitefield,31.41902451884028,44,35.81902451884028,6,0.7993156939675221,0.10077756943437388
Whitefield,32.29568775841696,37,35.99568775841696,7,0.400395900254585,0.2671957028621812
Whitefield,32.752640623543634,33,36.05264062354363,8,0.8801405651179224,0.29742291036366597
Whitefield,32.43427758578242,30,35.43427758578242,9,0.48243524996447995,0.34712386856567823
Whitefield,31.953091793382473,29,34.853091793382475,10,0.3869538179541138,0.40115855991892985
Whitefield,31.726118781015593,30,34.72611878101559,11,0.30788310532201785,0.44499557382275057
Whitefield,30.663509294779814,32,33.86350929477982,12,0.8990296239026134,0.17051984077262303
Whitefield,29.89530465835538,35,33.39530465835538,13,0.4931307871412848,0.22993297879584576
Whitefield,29.199262666785028,39,33.09926266678503,14,0.3422626952159601,0.20074204140360855
Whitefield,27.741227166397284,44,32.141227166397286,15,0.853974944917085,0.19716024085377493
Whitefield,27.072912239254432,50,32.072912239254435,16,0.7135745640183568,0.21502236462202792
Whitefield,23.962899292132686,57,29.662899292132686,17,0.3390856908604808,0.29995987713520667
Whitefield,24.15721753622117,64,30.557217536221174,18,0.31437871674976253,0.339298679344797
Whitefield,22.979325275505456,71,30.079325275505457,19,0.7763063699548236,0.2183379974358744
Whitefield,19.84928668780794,78,27.64928668780794,20,0.5178151365000216,0.1328868072268902
Whitefield,21.65943472911378,84,30.059434729113782,21,0.6332156286442998,0.25310438521211487
Whitefield,21.04299828124097,88,29.84299828124097,22,0.704520034952938,0.18937894882414175
Whitefield,20.066315048118284,92,29.266315048118287,23,0.7405277356642368,0.12884105062478035
Whitefield,20.013966452951916,91,29.113966452951914,0,0.4751336445848898,0.09404097678413456
Whitefield,20.43128100272201,85,28.93128100272201,1,0.5306865485137946,0.2626207478706529
Whitefield,21.652571666322633,76,29.252571666322634,2,0.8305372750860485,0.19916580392568767
Whitefield,23.660046317930526,66,30.260046317930527,3,0.8250162853572622,0.17194659848190014
Whitefield,24.313198992294478,55,29.813198992294478,4,0.32217289375729824,0.24727721425828292
Whitefield,27.93960539665379,44,32.33960539665379,5,0.6347483695329053,0.14174427359250777
Whitefield,30.911233347875253,35,34.41123334787525,6,0.6832241038734088,0.27103601339103384
Whitefield,31.192042189865433,30,34.19204218986543,7,0.7694961542553819,0.3074959065907559
Whitefield,34.012489038054,27,36.712489038054,8,0.7017880752408543,0.27984127950990506
Whitefield,33.03489252835964,25,35.53489252835964,9,0.702708591901348,0.3217421856971484
Whitefield,33.64132055160334,24,36.04132055160334,10,0.6134476147526902,0.3224610904029107
Whitefield,31.623200903448982,24,34.02320090344898,11,0.8043766330880282,0.3348701583426753
Whitefield,30.45787513797914,25,32.957875137979144,12,0.5086294957133439,0.241406549947637
Whitefield,31.774003148664892,29,34.674003148664895,13,0.8935936079087932,0.24365205698155679
Whitefield,24.503088487927627,34,27.903088487927626,14,0.5714473348431848,0.2701180355165375
Whitefield,25.601058049233558,40,29.601058049233558,15,0.6219026342444103,0.20905442730599835
Whitefield,25.189133855851797,48,29.989133855851797,16,0.8728426303044909,0.2045289622384621
Whitefield,24.35524651259081,57,30.05524651259081,17,0.7491317703528477,0.20407865587362783
Whitefield,21.17528005064118,65,27.67528005064118,18,0.45121916491659075,0.1883980920098982
Whitefield,21.923713425479324,72,29.123713425479323,19,0.8014400955258838,0.0814705812170016
Whitefield,20.238009866265354,77,27.938009866265354,20,0.7464611843750957,0.1203337868910423
Whitefield,20.45579887930848,82,28.655798879308485,21,0.32982548973337095,0.22943792858369502
Whitefield,18.758089012243524,86,27.358089012243525,22,0.6529294695818547,0.15340251343879696
Whitefield,19.454295282418673,89,28.354295282418676,23,0.767366184950371,0.12420403511452395
Electronic City,17.87496367552393,90,26.87496367552393,0,0.313957723847817,0.22538219906623308
Electronic City,15.954499933824065,92,25.154499933824066,1,0.3825663058670986,0.28969541689869677
Electronic City,18.38541348245133,91,27.485413482451328,2,0.8100489532637567,0.1829565688834144
Electronic City,21.022743169637938,80,29.022743169637938,3,0.892724593100688,0.06938182714978977
Electronic City,23.668748292641368,70,30.668748292641368,4,0.48087588471623344,0.28719885890435437
Electronic City,23.768330561183898,63,30.0683305611839,5,0.8971028849227751,0.1744727392338028
Electronic City,27.28795783348517,53,32.58795783348517,6,0.8472893544050963,0.28040897851494223
Electronic City,31.390936954020514,46,35.99093695402051,7,0.3692080800304231,0.3521805131420415
Electronic City,29.286010168486968,39,33.186010168486966,8,0.5127955816251044,0.19925222402791526
Electronic City,30.715471739552186,35,34.215471739552186,9,0.3930603703301989,0.28556873396163973
Electronic City,29.05392028848825,35,32.55392028848825,10,0.5126831719850257,0.17379822223824448
Electronic City,30.43195937977624,35,33.931959379776245,11,0.7098719088519774,0.20404120407163512
Electronic City,28.721270611253846,36,32.321270611253844,12,0.44299120729071306,0.20211631510878955
Electronic City,27.307410217252833,42,31.507410217252833,13,0.7648938407277934,0.18530559560642662
Electronic City,26.797199695190862,51,31.897199695190864,14,0.6100548803965194,0.13433216072883258
Electronic City,24.09312116004725,62,30.29312116004725,15,0.3215253753833726,0.34773826949677167
Electronic City,23.216241491628367,66,29.816241491628368,16,0.8396991752375682,0.17299091788443766
Electronic City,22.554308435709675,69,29.454308435709677,17,0.611101815642997,0.20278478601838054
Electronic City,21.35290113350037,72,28.55290113350037,18,0.6109701230107576,0.19053838432116413
Electronic City,20.20046617377632,76,27.80046617377632,19,0.8657691493912352,0.13609017110813612
Electronic City,20.710733465202132,83,29.010733465202133,20,0.8694065174079983,0.13955729389398824
Electronic City,20.244615241874047,86,28.844615241874045,21,0.7686856853786945,0.1656363436615557
Electronic City,18.78933425839111,88,27.589334258391112,22,0.6870129116371928,0.22504586674109922
Electronic City,18.837577771609798,89,27.7375777716098,23,0.3342243211491411,0.12406666153028134
Electronic City,19.159546755909943,92,28.359546755909946,0,0.631097978402464,0.1417501770988896
Electronic City,18.541280860200803,94,27.941280860200806,1,0.38897989322715637,0.17869932742371597
Electronic City,19.368800077366163,93,28.668800077366164,2,0.30100953285518073,0.1499092022425127
Electronic City,21.067544385034022,80,29.067544385034022,3,0.46577385870223864,0.19111429273878072
Electronic City,24.06249688693799,68,30.86249688693799,4,0.43092242250298146,0.18326594494473714
Electronic City,26.61150602429009,56,32.21150602429009,5,0.8800897050609795,0.17658658858534346
Electronic City,28.443158020353916,47,33.143158020353916,6,0.3599241174056673,0.27586342749934917
Electronic City,27.073987854558105,41,31.173987854558106,7,0.4708015351807261,0.22819679276830135
Electronic City,30.61632380795616,37,34.31632380795616,8,0.5573780915118289,0.2822667419661005
Electronic City,31.27112779171038,35,34.771127791710384,9,0.43765732293553583,0.42783402612576815
Electronic City,28.27134166582849,34,31.671341665828493,10,0.31192669548431207,0.22206251374630168
Electronic City,32.22055420806648,36,35.82055420806648,11,0.6987493829676001,0.2662987441582524
Electronic City,29.205809148541142,37,32.905809148541145,12,0.5108811104774101,0.17165293542244314
Electronic City,28.38653786849433,44,32.78653786849433,13,0.6452662942319998,0.2700434101747311
Electronic City,25.04404184194198,52,30.24404184194198,14,0.3189882952019004,0.2747155862750809
Electronic City,24.58958326424834,53,29.88958326424834,15,0.7273722254688325,0.2509233563233716
Electronic City,25.07870013737843,52,30.27870013737843,16,0.4996635968666362,0.22887687311653285
Electronic City,24.62270493380353,63,30.92270493380353,17,0.8913063078171886,0.17534857480409505
Electronic City,22.42892208766883,67,29.12892208766883,18,0.7266337339897891,0.22210237268222596
Electronic City,21.497117361109467,73,28.797117361109468,19,0.824845842484208,0.1607580090897393
Electronic City,20.656944673386203,76,28.256944673386204,20,0.805707405317482,0.142209963504262
Electronic City,22.276781917975555,78,30.076781917975556,21,0.5755443967237963,0.20415120921853017
Electronic City,21.31234318963129,81,29.412343189631287,22,0.7134088388396866,0.2504143411573533
Electronic City,20.74615241248881,82,28.946152412488814,23,0.7410877564933411,0.009926350569200354
Electronic City,19.98518276223374,83,28.28518276223374,0,0.573357038382144,0.2699320012450699
Electronic City,18.432502454395884,85,26.932502454395884,1,0.3586529807246553,0.27125186918761635
Electronic City,20.91063478876063,84,29.31063478876063,2,0.3157613906358502,0.32932392909593333
Electronic City,22.85765869154261,75,30.35765869154261,3,0.8677045261069987,0.13033292268300392
Electronic City,25.452307497220254,67,32.15230749722026,4,0.40106541045891636,0.30738988858943017
Electronic City,27.45998555497604,58,33.25998555497604,5,0.7406416923371275,0.2477271356049558
Electronic City,30.451052112511046,51,35.551052112511044,6,0.6756529815118532,0.21786205446586596
Electronic City,29.668743645160873,45,34.16874364516087,7,0.5174649058076697,0.2025654355033057
Electronic City,30.35101988196297,41,34.45101988196297,8,0.5154460621296896,0.2759734933761647
Electronic City,29.39884201402706,39,33.29884201402706,9,0.74030138728155,0.25027823944155264
Electronic City,31.137537437972327,39,35.037537437972325,10,0.8356615181984939,0.30150575917360234
Electronic City,30.936769621423924,40,34.93676962142392,11,0.6264147438546124,0.29481575017653616
Electronic City,29.428865347630214,41,33.528865347630216,12,0.5931590052504288,0.11547050251087085
Electronic City,29.592249698214772,47,34.292249698214775,13,0.8249712898266373,0.09048305678949183
Electronic City,26.93025583405339,53,32.230255834053395,14,0.7394141058684218,0.2080762090087187
Electronic City,24.994387371988175,60,30.994387371988175,15,0.6845639071862823,0.17596461370060063
Electronic City,24.67928498617793,61,30.77928498617793,16,0.30557692394598646,0.21002475505884446
Electronic City,24.47633343485396,69,31.37633343485396,17,0.3789152877736272,0.23724324201579353
Electronic City,24.42354329140977,74,31.82354329140977,18,0.8744519450551058,0.11054628853074669
Electronic City,22.295401697907256,78,30.095401697907256,19,0.546464503142942,0.211806576695918
Electronic City,23.798422825728565,81,31.898422825728566,20,0.560753717094731,0.26625480824944725
Electronic City,23.473015874694717,82,31.67301587469472,21,0.35994040563384516,0.3088088145786745
Electronic City,23.010177453406534,83,31.310177453406535,22,0.8791420207332783,0.11299514610099289
Electronic City,21.608310718195053,85,30.108310718195053,23,0.6987105348563931,0.24875503988222625
Electronic City,21.894708147084962,87,30.594708147084965,0,0.4156334811058676,0.2989066164859708
Electronic City,22.067624651944374,89,30.967624651944377,1,0.7179860353807986,0.07454581425383197
Electronic City,22.85240015377659,88,31.65240015377659,2,0.5719635744172242,0.22013002474839735
Electronic City,25.570006508007328,77,33.27000650800733,3,0.4134961199286871,0.27275001053463155
Electronic City,24.866685780122165,66,31.466685780122166,4,0.36892822894134586,0.22487462238598105
Electronic City,26.39983991936437,53,31.699839919364372,5,0.5659562473948709,0.22734601480519964
Electronic City,29.642414117276573,43,33.94241411727657,6,0.838200557172301,0.1899068574319302
Electronic City,31.967893473448207,37,35.66789347344821,7,0.7938462722467057,0.25821175928548734
Electronic City,33.16804847783039,34,36.56804847783039,8,0.7636015274790509,0.2642797693079392
Electronic City,32.049199493691624,33,35.34919949369162,9,0.750128113784997,0.34639869249288335
Electronic City,32.43285921688006,32,35.632859216880064,10,0.3506857070381066,0.3735766854885723
Electronic City,30.197826943929456,33,33.497826943929454,11,0.3508842119032384,0.3923437045521211
Electronic City,32.07890335043114,35,35.57890335043114,12,0.4015776915427976,0.3304040279442477
Electronic City,29.976039770392163,40,33.97603977039216,13,0.858971820859237,0.22133923309178305
Electronic City,26.18773026404921,47,30.88773026404921,14,0.8580137029497799,0.2940102263315873
Electronic City,26.545294511466576,53,31.845294511466577,15,0.599207370689933,0.17559569132662622
Electronic City,24.030344754412685,57,29.730344754412684,16,0.8309871090663608,0.13867440157433344
Electronic City,24.13976820736831,61,30.23976820736831,17,0.8639428944454042,0.09673872594940622
Electronic City,23.44733296578146,65,29.94733296578146,18,0.6981166575602251,0.18743270135504345
Electronic City,23.45301852037792,69,30.353018520377923,19,0.7248727305512721,0.2531895536521301
Electronic City,22.463528238930614,73,29.763528238930615,20,0.5909626008098963,0.27191541856546997
Electronic City,21.163151296971666,77,28.863151296971665,21,0.5541503984925986,0.12881710368032384
Electronic City,21.98231162325838,80,29.98231162325838,22,0.8118511789018035,0.2870541820505649
Electronic City,19.46351655316692,83,27.76351655316692,23,0.48470339563573817,0.2289220593084747
Electronic City,21.770831507075496,83,30.070831507075496,0,0.6530344478087962,0.18293815666784913
Electronic City,21.72830584410383,79,29.628305844103828,1,0.7304127574874576,0.2160626554761977
Electronic City,23.26845786495064,72,30.46845786495064,2,0.668032646380488,0.19371104797166364
Electronic City,25.689139222039813,65,32.18913922203981,3,0.6638165978118302,0.23229691247965978
Electronic City,25.131275333399735,57,30.831275333399734,4,0.5141975324718967,0.26601514071752214
Electronic City,25.906118562718348,48,30.70611856271835,5,0.8089077887756622,0.13540574459627025
Electronic City,31.855968100202233,40,35.85596810020223,6,0.47156590246422225,0.35028969564821655
Electronic City,31.510188017023143,34,34.910188017023145,7,0.8016697259281265,0.22611607381797666
Electronic City,31.479247227378153,30,34.47924722737815,8,0.882845755181773,0.28052200761420387
Electronic City,31.498528009608442,27,34.198528009608445,9,0.8275810115648066,0.26058544220675145
Electronic City,32.29337094616138,26,34.89337094616138,10,0.4503437932501645,0.3440281515933169
Electronic City,30.27851212947228,27,32.97851212947228,11,0.4320366607976893,0.20387473344664797
Electronic City,32.34116339109043,30,35.34116339109043,12,0.8710242947692375,0.20906355681222727
Electronic City,29.2800948005704,36,32.8800948005704,13,0.6887898659226195,0.24405155962590572
Electronic City,27.18381374838921,43,31.48381374838921,14,0.5745563606706148,0.10157587200105456
Electronic City,27.158178573511602,50,32.158178573511606,15,0.8397516984486797,0.16514021707092807
Electronic City,24.27675779195188,56,29.87675779195188,16,0.7099106028419085,0.14147032429307474
Electronic City,24.525288739178016,61,30.625288739178018,17,0.7629614609112665,0.2039073996761016
Electronic City,24.732753588424274,67,31.432753588424273,18,0.7048308841566122,0.1449136621808011
Electronic City,21.88631196212222,74,29.28631196212222,19,0.4704529943244492,0.2522158305169194
Electronic City,21.882487434977417,81,29.982487434977415,20,0.46815489294378365,0.23107202748061414
Electronic City,19.22850130602834,86,27.828501306028336,21,0.8615011411751923,0.10412710062762615
Electronic City,19.652556924598866,89,28.552556924598868,22,0.4049338558441495,0.1542489765052672
Electronic City,20.78201279019269,91,29.88201279019269,23,0.8667498990678846,0.08312126912838157
Electronic City,19.08334446749688,90,28.08334446749688,0,0.4380890735941079,0.20474127416002827
Electronic City,20.704888773402832,85,29.204888773402832,1,0.7774305808480448,0.1888336214754012
Electronic City,23.679778815010224,76,31.279778815010225,2,0.5249467580475466,0.20064954391722897
Electronic City,23.847208990365996,68,30.647208990365996,3,0.607568137591985,0.20693056671027912
Electronic City,28.27612878315252,60,34.276128783152515,4,0.5238647288576015,0.22804367731806208
Electronic City,28.301454142253576,51,33.40145414225358,5,0.7130800509934241,0.16247726336406515
Electronic City,30.645327649553384,45,35.14532764955338,6,0.5256531101980997,0.302019111664106
Electronic City,31.586335476918475,40,35.58633547691848,7,0.5283202888616618,0.29380647506644625
Electronic City,30.90285379274128,34,34.30285379274128,8,0.7556326432268581,0.2810158620356974
Electronic City,34.06528581569203,31,37.16528581569203,9,0.46104297031501806,0.43124913478302457
Electronic City,33.498987207117686,30,36.498987207117686,10,0.600796945726999,0.37252253516736167
Electronic City,31.218390144240203,30,34.2183901442402,11,0.5783729014777539,0.26317330897277597
Electronic City,29.971843882717344,32,33.17184388271735,12,0.8789389283920077,0.1729672965178915
Electronic City,31.753821098609027,36,35.353821098609025,13,0.6871481355681779,0.33016721878277194
Electronic City,28.0516668661722,41,32.1516668661722,14,0.8146813322609461,0.1515926383337187
Electronic City,27.641021721455978,47,32.34102172145598,15,0.6482183941848509,0.1749359171097234
Electronic City,27.422923694889064,53,32.72292369488906,16,0.8665507567860384,0.1437572033990187
Electronic City,26.538125839618072,60,32.538125839618075,17,0.5369367291130089,0.21807641988889612
Electronic City,24.58846084040875,66,31.18846084040875,18,0.767905835178257,0.13842234372852918
Electronic City,22.441146425790624,73,29.741146425790625,19,0.8558686561609663,0.06050009158544646
Electronic City,21.88113939413094,80,29.88113939413094,20,0.5627192454932333,0.16443473676303158
Electronic City,24.309361406712544,85,32.80936140671254,21,0.535152071070039,0.29365455855086037
Electronic City,20.56866789171104,89,29.468667891711043,22,0.6719049761613971,0.10943442459833676
Electronic City,21.512940079983068,91,30.61294007998307,23,0.632182462687989,0.16548687984114738
Electronic City,20.36814702357726,90,29.36814702357726,0,0.5334118599323912,0.17637979406040383
Electronic City,22.138352623309757,85,30.638352623309757,1,0.7332281637170732,0.17985151430940152
Electronic City,24.134658999805964,77,31.834658999805963,2,0.40748910588525206,0.3301933313558019
Electronic City,22.904598648048534,68,29.704598648048535,3,0.7437039941891157,0.26700885052299206
Electronic City,26.773908873601595,58,32.573908873601596,4,0.3505830904860333,0.20175872234878067
Electronic City,27.415508858867355,46,32.015508858867356,5,0.42031626684835005,0.18891161369540108
Electronic City,31.553967707340483,37,35.253967707340486,6,0.5071867366349214,0.315690170354214
Electronic City,33.553155513398075,31,36.653155513398076,7,0.4625349026035833,0.41521567792948366
Electronic City,33.09896857043897,28,35.89896857043897,8,0.7561487472672033,0.28523170095174977
Electronic City,34.96137253735506,26,37.56137253735506,9,0.5764795144025988,0.5616994204853625
Electronic City,35.03351628731003,25,37.53351628731003,10,0.4180357536748654,0.45269884389137816
Electronic City,34.431957313189834,25,36.931957313189834,11,0.44703107288558774,0.4286982151907633
Electronic City,32.68319170439557,26,35.28319170439557,12,0.495171763097941,0.39048021419368256
Electronic City,31.250618192743847,29,34.15061819274385,13,0.6061968597409676,0.20970490255863558
Electronic City,28.91213871264052,34,32.31213871264052,14,0.7411109516424587,0.16358893115184267
Electronic City,25.55744491512209,40,29.55744491512209,15,0.8026128442022711,0.2071895954686552
Electronic City,25.73122758806766,48,30.53122758806766,16,0.6701197637864873,0.1848379203323768
Electronic City,24.08365098668083,58,29.88365098668083,17,0.6990922817928114,0.21862694808694366
Electronic City,23.153735833936896,66,29.753735833936897,18,0.7948690887813796,0.12618173056312923
Electronic City,24.29857139267895,72,31.49857139267895,19,0.4082740717396062,0.1907256879149476
Electronic City,21.86790547769493,76,29.46790547769493,20,0.37535173149013734,0.09334890010853017
Electronic City,22.187664698561257,79,30.087664698561255,21,0.4831618316818409,0.10918981454579474
Electronic City,20.44888757078396,83,28.74888757078396,22,0.512268823602515,0.2882224220756843
Electronic City,19.61723079961255,86,28.21723079961255,23,0.8574105905255265,0.09971663064242235
HSR Layout,18.080618066890256,90,27.080618066890256,0,0.4095651091551824,0.20837143682092285
HSR Layout,16.424971637622143,92,25.624971637622146,1,0.30910457183470236,0.20692989813078996
HSR Layout,18.142990144833274,91,27.24299014483327,2,0.8785455818359722,0.17533231705320218
HSR Layout,20.449749436421605,80,28.449749436421605,3,0.42605274924310277,0.33925543079466997
HSR Layout,22.775260616984642,70,29.775260616984642,4,0.3505181591936927,0.2190055335512206
HSR Layout,25.619051866174704,63,31.919051866174705,5,0.7457140260677664,0.20130431267409382
HSR Layout,27.91973883828964,53,33.21973883828964,6,0.5543426236220357,0.2849957224382255
HSR Layout,28.84040543800234,46,33.44040543800234,7,0.6112969128935053,0.17473293803119758
HSR Layout,30.936755340707283,39,34.836755340707285,8,0.7913070333411768,0.2529584731892933
HSR Layout,30.796099862455826,35,34.296099862455826,9,0.7898953046793464,0.2323280357267004
HSR Layout,31.051755224320047,35,34.55175522432005,10,0.6788089875946213,0.2556605497704064
HSR Layout,30.44662083227981,35,33.946620832279805,11,0.5779248132938473,0.2101620996222359
HSR Layout,29.740713783031264,36,33.34071378303126,12,0.39157995236346493,0.3292487307151707
HSR Layout,28.715215583549096,42,32.9152155835491,13,0.720487461357075,0.12410159424579968
HSR Layout,25.736994204538345,51,30.836994204538346,14,0.7481973328639804,0.19523267368737734
HSR Layout,23.052334054837637,62,29.252334054837636,15,0.7223908240648974,0.22026849173344268
HSR Layout,23.241588138942955,66,29.841588138942956,16,0.8847579495283417,0.13222760557363228
HSR Layout,23.156627713768966,69,30.056627713768968,17,0.5709435873010278,0.26475820696425867
HSR Layout,21.38708858371953,72,28.58708858371953,18,0.7385540553385312,0.25547641265181675
HSR Layout,20.430046289739675,76,28.030046289739676,19,0.34864547112104627,0.31225972598974516
HSR Layout,21.345578762331584,83,29.645578762331585,20,0.4435952884471617,0.2352136124592592
HSR Layout,19.92521908595345,86,28.525219085953452,21,0.6289240436721487,0.15878815387631312
HSR Layout,20.111510328384036,88,28.911510328384036,22,0.3351470069703395,0.25394599002741775
HSR Layout,18.15070761908986,89,27.050707619089863,23,0.741599330688274,0.1738466507348345
HSR Layout,18.84722033648535,92,28.047220336485353,0,0.6326300629007537,0.23818332068422868
HSR Layout,19.781829955517097,94,29.181829955517095,1,0.7089598286292871,0.21673316861677352
HSR Layout,19.604224631568915,93,28.904224631568916,2,0.8915779625375266,0.13055963446947677
HSR Layout,23.5475247292711,80,31.5475247292711,3,0.8732858506471204,0.12133883505467992
HSR Layout,23.421259745931383,68,30.221259745931384,4,0.7109282357251807,0.24735805288424875
HSR Layout,27.224765559618763,56,32.82476555961876,5,0.45781158869928185,0.2280697482164149
HSR Layout,28.759608316888478,47,33.45960831688848,6,0.8259026244015109,0.2018872947335581
HSR Layout,29.222602948788985,41,33.32260294878898,7,0.7553622636452398,0.26657617097386865
HSR Layout,32.04109108974476,37,35.741091089744764,8,0.7569457583897299,0.29520808625519157
HSR Layout,30.19168485899917,35,33.69168485899917,9,0.5871107721000638,0.2565698217969825
HSR Layout,32.42827399748218,34,35.82827399748218,10,0.5537465583228112,0.3371655133875996
HSR Layout,29.948058748528425,36,33.548058748528426,11,0.38807714909584734,0.25170388607526933
HSR Layout,31.090129686007323,37,34.790129686007326,12,0.8598768160968764,0.24872847178512628
HSR Layout,28.57391902230134,44,32.97391902230134,13,0.5613095504915547,0.21712949173015533
HSR Layout,26.285035993245042,52,31.48503599324504,14,0.8990710776891426,0.1223021936388706
HSR Layout,26.093699006165014,53,31.393699006165015,15,0.8025919098053811,0.13347932729914996
HSR Layout,23.955835477286065,52,29.155835477286065,16,0.8590043549014736,0.15726178646774372
HSR Layout,22.419768643169846,63,28.719768643169846,17,0.841698548601467,0.1204219998448883
HSR Layout,23.187354474161733,67,29.887354474161732,18,0.5360116261116785,0.29898178634459144
HSR Layout,23.121643136630013,73,30.421643136630014,19,0.40913603451782354,0.28213221071007116
HSR Layout,22.00951901448785,76,29.60951901448785,20,0.4122904582930906,0.24969762942186222
HSR Layout,20.18023223417598,78,27.98023223417598,21,0.6287198490357455,0.19443408469417797
HSR Layout,21.13762110887807,81,29.237621108878066,22,0.8185136748981885,0.16885199795734554
HSR Layout,22.067441084097,82,30.267441084097,23,0.3208487297113228,0.3363693782901111
HSR Layout,22.87165531783583,83,31.17165531783583,0,0.42059600236688544,0.24150263479684964
HSR Layout,21.29437481901581,85,29.79437481901581,1,0.378677995474831,0.24982396607228446
HSR Layout,20.247726447853157,84,28.64772644785316,2,0.5803105695120132,0.21060274921655575
HSR Layout,23.20396528051316,75,30.70396528051316,3,0.36109583197964257,0.238680791796247
HSR Layout,27.457167952761868,67,34.15716795276187,4,0.8289255874511319,0.15638278055293797
HSR Layout,28.168616910475187,58,33.96861691047519,5,0.499989939258393,0.21459888876912245
HSR Layout,32.04991268298912,51,37.14991268298912,6,0.7205427802501223,0.24907861352164437
HSR Layout,30.96224690647409,45,35.46224690647409,7,0.6513548211795442,0.27309485805931993
HSR Layout,30.176875809450515,41,34.276875809450516,8,0.583500430477111,0.3167076688615651
HSR Layout,31.803955931285316,39,35.703955931285314,9,0.4257184186302132,0.3665206564746324
HSR Layout,30.651989829322527,39,34.55198982932253,10,0.7302757355045397,0.27812005156272457
HSR Layout,30.502888793362803,40,34.5028887933628,11,0.8009354877246004,0.20858387177552326
HSR Layout,29.807639467474175,41,33.907639467474176,12,0.4487221923241854,0.23854676654919937
HSR Layout,29.11300713348496,47,33.81300713348496,13,0.8192391092504412,0.10038335321445448
HSR Layout,29.09909730782925,53,34.39909730782925,14,0.5739629159185486,0.1741170318613803
HSR Layout,27.19000774477119,60,33.190007744771194,15,0.32060824429062845,0.20110505162698117
HSR Layout,23.889031696713122,61,29.989031696713123,16,0.6957204657733427,0.17410167772425614
HSR Layout,23.618499678187238,69,30.51849967818724,17,0.6038733394261994,0.2644663538288009
HSR Layout,22.89457966857264,74,30.294579668572638,18,0.38154620177757614,0.3376662875216877
HSR Layout,23.894651619825627,78,31.694651619825628,19,0.44346128828323017,0.266312012609313
HSR Layout,21.885633490483727,81,29.98563349048373,20,0.5922437717310413,0.26038040623978254
HSR Layout,22.2586062116507,82,30.458606211650704,21,0.7301117083900398,0.14864841451343136
HSR Layout,23.083206577782025,83,31.383206577782026,22,0.8453242490097528,0.1703713767006374
HSR Layout,21.349964140018994,85,29.849964140018994,23,0.7392270661318601,0.04992344268327435
HSR Layout,21.177464483264046,87,29.87746448326405,0,0.4705723046710199,0.2219388616598092
HSR Layout,22.310747831201432,89,31.21074783120143,1,0.3709145965732452,0.21202216802162901
HSR Layout,21.240416652444033,88,30.040416652444033,2,0.34326036467267457,0.21649613218907118
HSR Layout,22.050700503265453,77,29.750700503265453,3,0.723261145886106,0.1369313739117793
HSR Layout,27.656978441677424,66,34.256978441677425,4,0.6478689431276344,0.18325249483087583
HSR Layout,27.2439333300475,53,32.5439333300475,5,0.5051363236929407,0.24528042796911154
HSR Layout,28.78586151350895,43,33.08586151350895,6,0.59093556559323,0.1659996462969001
HSR Layout,30.22246138700374,37,33.92246138700374,7,0.5271017817255906,0.3107385758269931
HSR Layout,32.0674364335781,34,35.4674364335781,8,0.5532203278115622,0.28966449075238043
HSR Layout,32.08912505648236,33,35.38912505648236,9,0.30649224218324084,0.4318968295562811
HSR Layout,32.90040890539363,32,36.100408905393635,10,0.7192112006615281,0.33005194938994
HSR Layout,31.520400501911247,33,34.820400501911244,11,0.3812441179721622,0.3257744989433274
HSR Layout,30.225142448568505,35,33.725142448568505,12,0.810580712767333,0.1752873850459739
HSR Layout,30.415018345063153,40,34.41501834506315,13,0.8640270688600853,0.208064597759958
HSR Layout,28.393357654968444,47,33.09335765496844,14,0.658100837212106,0.26265040828961483
HSR Layout,25.603413184673165,53,30.903413184673166,15,0.529052840896893,0.25972715182896056
HSR Layout,25.711743402323634,57,31.411743402323633,16,0.47024904844942095,0.15114785665684646
HSR Layout,24.04245138402878,61,30.14245138402878,17,0.8807397315301253,0.19119236424642852
HSR Layout,23.520276044730867,65,30.020276044730867,18,0.8357836348183978,0.13314738809423157
HSR Layout,22.085388070172773,69,28.985388070172775,19,0.5777753493620054,0.23482065497360094
HSR Layout,23.212535113144895,73,30.512535113144896,20,0.3607529256012074,0.34422227022680374
HSR Layout,21.517711956253425,77,29.217711956253424,21,0.7385273287434733,0.13258126640212894
HSR Layout,21.533181435318628,80,29.533181435318628,22,0.31564369919581925,0.23572342284387127
HSR Layout,21.659902311464602,83,29.959902311464603,23,0.678174416000441,0.18164533739672983
HSR Layout,21.243763649892028,83,29.54376364989203,0,0.7221033031780102,0.21020381427190535
HSR Layout,21.926871203588824,79,29.826871203588823,1,0.44106246218158784,0.24198951183724518
HSR Layout,22.30700511323857,72,29.50700511323857,2,0.34178571472095226,0.18728526269188855
HSR Layout,25.281076987830694,65,31.781076987830694,3,0.47130498325310716,0.1841146454154255
HSR Layout,26.405378785086814,57,32.10537878508681,4,0.6438605249637348,0.14891407259664072
HSR Layout,30.003701467145348,48,34.803701467145345,5,0.851005593125673,0.22536592784284368
HSR Layout,30.55057665024639,40,34.55057665024639,6,0.387908233599771,0.2958724331621092
HSR Layout,30.63510938912768,34,34.03510938912768,7,0.5078887458393294,0.22592877732598166
HSR Layout,33.10264243200755,30,36.10264243200755,8,0.6395952969154848,0.3699703793047735
HSR Layout,33.92274183517653,27,36.622741835176534,9,0.714252974495375,0.310199563729899
HSR Layout,35.171901222979436,26,37.77190122297944,10,0.39722221239603084,0.43168490029237916
HSR Layout,32.80726233922294,27,35.50726233922294,11,0.5011128311593326,0.4359002673029674
HSR Layout,31.28197750851597,30,34.281977508515965,12,0.4867905278537361,0.33117399647460644
HSR Layout,29.058955700077554,36,32.658955700077556,13,0.8327487364135511,0.17193934413482553
HSR Layout,27.931441676530582,43,32.23144167653058,14,0.6847320741853398,0.10143624335648634
HSR Layout,26.480062921299265,50,31.480062921299265,15,0.4115088921988044,0.2528179795201603
HSR Layout,24.229133336280952,56,29.829133336280954,16,0.7776806828538737,0.1525142343372232
HSR Layout,22.97517315546361,61,29.075173155463613,17,0.5134607021063591,0.17283114222648838
HSR Layout,22.14560181252166,67,28.84560181252166,18,0.4921534886180623,0.19670086988598232
HSR Layout,22.403453496097786,74,29.803453496097788,19,0.6622972179436187,0.12178364747047304
HSR Layout,22.391214343325505,81,30.491214343325503,20,0.7227308638679026,0.22893753061857083
HSR Layout,21.74878188738004,86,30.348781887380042,21,0.47460152577562587,0.23760511855824207
HSR Layout,19.626241872095587,89,28.52624187209559,22,0.8129006512119707,0.15974230027131706
HSR Layout,20.374958060171227,91,29.474958060171225,23,0.46789122696348595,0.23854631467754084
HSR Layout,19.839952538206937,90,28.839952538206937,0,0.5359249954082018,0.35668372226626666
HSR Layout,20.493997805973695,85,28.993997805973695,1,0.8626954485716054,0.09425953890207979
HSR Layout,21.12557699690941,76,28.72557699690941,2,0.6046949698396074,0.17774340454906326
HSR Layout,23.939329909556715,68,30.739329909556716,3,0.7082961522146141,0.14613810975536765
HSR Layout,28.066471345687912,60,34.066471345687916,4,0.675684721444286,0.19571572257135492
HSR Layout,28.815982419037162,51,33.915982419037164,5,0.7220890564579177,0.3013483355075992
HSR Layout,31.13748983710427,45,35.63748983710427,6,0.3026262730699337,0.3475894599017686
HSR Layout,31.807569190759402,40,35.8075691907594,7,0.4861973052538807,0.3288850871498484
HSR Layout,34.734191929042346,34,38.134191929042345,8,0.6312616177973454,0.4362656036823166
HSR Layout,32.796659745619955,31,35.89665974561996,9,0.660571048867926,0.21494863448426604
HSR Layout,33.24583061553569,30,36.24583061553569,10,0.5534152793309718,0.3299911701103458
HSR Layout,33.80048594606059,30,36.80048594606059,11,0.6654947712700867,0.3343530105444777
HSR Layout,31.447949241073655,32,34.647949241073654,12,0.3465599662627423,0.21935954159699272
HSR Layout,29.797831364712753,36,33.39783136471275,13,0.380888485964216,0.2428047714804657
HSR Layout,30.151741185686994,41,34.251741185686996,14,0.3387189633055533,0.31982722030608407
HSR Layout,27.925671221332014,47,32.62567122133201,15,0.830814202493199,0.11555505738431504
HSR Layout,25.77784631804405,53,31.07784631804405,16,0.7313319668052234,0.14328694992144192
HSR Layout,23.361535910124406,60,29.361535910124406,17,0.5332241589302391,0.303725726509636
HSR Layout,24.62934922879669,66,31.229349228796693,18,0.3772666910995859,0.1849885510367608
HSR Layout,23.218819795554584,73,30.518819795554585,19,0.330454198297265,0.2532438042490552
HSR Layout,21.841538299200785,80,29.841538299200785,20,0.5861329300560851,0.287613477418404
HSR Layout,24.51019756311102,85,33.01019756311102,21,0.7220422256004208,0.1071989177182757
HSR Layout,21.770661360797916,89,30.670661360797915,22,0.8984969710636643,0.21953494920711353
HSR Layout,20.35846330689238,91,29.458463306892376,23,0.8480292566665759,0.08614068205951068
HSR Layout,22.393098365964853,90,31.393098365964853,0,0.5259643921187889,0.23537992929705273
HSR Layout,20.38032206281445,85,28.88032206281445,1,0.54171623707871,0.23588448401391962
HSR Layout,22.531618005000798,77,30.231618005000797,2,0.41009841522321766,0.18365283446623315
HSR Layout,23.531842592149598,68,30.3318425921496,3,0.7660512773729143,0.10763410359011202
HSR Layout,27.237344753399555,58,33.03734475339955,4,0.4105028017194008,0.26873985311911225
HSR Layout,28.967447680931336,46,33.56744768093134,5,0.5163313229759116,0.20352476193031
HSR Layout,31.15682811972625,37,34.85682811972625,6,0.5598182320965683,0.33231184556253973
HSR Layout,33.193985056969126,31,36.29398505696913,7,0.543636561346926,0.3905780533468308
HSR Layout,34.67292950564498,28,37.47292950564498,8,0.6506632331909774,0.3327523810527424
HSR Layout,34.22987462043368,26,36.82987462043368,9,0.36737721664275735,0.4639486295988906
HSR Layout,34.36128339418848,25,36.86128339418848,10,0.5850481759572229,0.4109912347762781
HSR Layout,34.26670982768204,25,36.76670982768204,11,0.7014178962572142,0.25358620383759395
HSR Layout,33.506936037143056,26,36.10693603714306,12,0.6854579700439346,0.3567768753427027
HSR Layout,30.40854428110191,29,33.30854428110191,13,0.6075155220605744,0.30524021172025323
HSR Layout,29.314955668283357,34,32.71495566828336,14,0.7456870591251412,0.1785976862564858
HSR Layout,25.993203131831017,40,29.993203131831017,15,0.33769296729718973,0.2606046660782916
HSR Layout,26.00426072211977,48,30.80426072211977,16,0.33232824090996066,0.23970197382861322
HSR Layout,24.45401154307104,58,30.25401154307104,17,0.7370324423517846,0.1678288682113529
HSR Layout,23.372242311090435,66,29.972242311090437,18,0.7564500279482347,0.21925161233504645
HSR Layout,23.40392445403602,72,30.60392445403602,19,0.5167167677260627,0.21263590236587235
HSR Layout,23.007072842314724,76,30.607072842314725,20,0.8967673639310987,0.13090686618314035
HSR Layout,21.260750642268896,79,29.160750642268894,21,0.43280446287510865,0.2384092084089129
HSR Layout,20.50947896593959,83,28.80947896593959,22,0.4761226732268911,0.1397858525104137
HSR Layout,19.19779849584688,86,27.797798495846877,23,0.7928696132361294,0.15994285661798077
Koramangala,16.16530237074616,90,25.16530237074616,0,0.6309337441898173,0.18918156890799076
Koramangala,16.75570074892626,92,25.95570074892626,1,0.4792766510986973,0.21383647567408873
Koramangala,18.168619732336722,91,27.268619732336724,2,0.7440149990477676,0.20340459135044162
Koramangala,21.644529053087943,80,29.644529053087943,3,0.3326508861342917,0.22365386009372634
Koramangala,23.520486380276882,70,30.520486380276882,4,0.37669883415911404,0.18192049110569164
Koramangala,25.111882908165185,63,31.411882908165186,5,0.4187085094184703,0.1779575477185644
Koramangala,28.077071869628483,53,33.37707186962848,6,0.3564251920303747,0.29469271155859716
Koramangala,28.383189873414068,46,32.98318987341407,7,0.8367026778452447,0.02307732405837873
Koramangala,32.89214170202291,39,36.79214170202291,8,0.890092332753311,0.27446711698794646
Koramangala,30.679582266766243,35,34.179582266766246,9,0.8683364076570184,0.18928627976672482
Koramangala,31.362231230580015,35,34.862231230580015,10,0.7701528695286772,0.2388935714058921
Koramangala,29.777064502510058,35,33.27706450251006,11,0.5366171330167949,0.21566585568701974
Koramangala,28.592229759110694,36,32.192229759110695,12,0.8189303463072464,0.14160836401142388
Koramangala,27.3342425687167,42,31.5342425687167,13,0.3982298974270133,0.33738291783048296
Koramangala,25.23427970534949,51,30.33427970534949,14,0.7564602840617616,0.14286255685534746
Koramangala,24.032149959992065,62,30.232149959992064,15,0.6307275030187507,0.23447524105582293
Koramangala,22.797897082964216,66,29.397897082964217,16,0.3135112787478715,0.23085855495565982
Koramangala,21.914134916440442,69,28.814134916440445,17,0.5353988112291178,0.2547226600581731
Koramangala,22.755129425101774,72,29.955129425101774,18,0.8798859279807925,0.10709427818833056
Koramangala,21.364306491462226,76,28.964306491462228,19,0.6018077478267243,0.16586788577946968
Koramangala,20.521276580412955,83,28.821276580412956,20,0.6523335996054122,0.18614279645448373
Koramangala,20.73035133821035,86,29.33035133821035,21,0.7148197667678236,0.13306763104532116
Koramangala,21.17757526237115,88,29.97757526237115,22,0.3847540371659261,0.26971966245677464
Koramangala,18.77700178614671,89,27.67700178614671,23,0.49499267242415323,0.19468026182813888
Koramangala,18.383117682046233,92,27.583117682046236,0,0.7815327858194299,0.2552986841949131
Koramangala,17.59065120815355,94,26.99065120815355,1,0.4424681025212928,0.2587814188970235
Koramangala,19.7717853879709,93,29.071785387970902,2,0.6536601545243972,0.08778167813592992
Koramangala,22.73567557345989,80,30.73567557345989,3,0.42975522373598185,0.15410792830924025
Koramangala,24.722308876710887,68,31.522308876710888,4,0.41200818513760323,0.31649252337026773
Koramangala,24.852231168614995,56,30.452231168614997,5,0.7234612561772499,0.15429021081500086
Koramangala,28.54472492284231,47,33.24472492284231,6,0.8338009640835022,0.1451762589259235
Koramangala,27.08668439309912,41,31.18668439309912,7,0.8732207401560723,0.1474588927618931
Koramangala,30.370540896294518,37,34.07054089629452,8,0.459332506092522,0.16298061720355522
Koramangala,30.850290534427785,35,34.350290534427785,9,0.3812002149071165,0.21674473012642465
Koramangala,29.393011062417575,34,32.79301106241758,10,0.6040099233466772,0.16611844942735815
Koramangala,31.627638986719315,36,35.22763898671931,11,0.38932045831231193,0.41962985879966336
Koramangala,30.886290050374893,37,34.58629005037489,12,0.5871151783365565,0.2560972959954113
Koramangala,29.408905432986927,44,33.808905432986926,13,0.5025007540579228,0.27547168482703305
Koramangala,27.82688550254439,52,33.02688550254439,14,0.8761222604098668,0.17397183605382732
Koramangala,24.938626131467515,53,30.238626131467516,15,0.39930878378816986,0.22434036747882885
Koramangala,25.983864255724715,52,31.183864255724714,16,0.41556718587626124,0.2157423986484565
Koramangala,23.15094190362969,63,29.45094190362969,17,0.6885199326529122,0.24832131739701407
Koramangala,21.57764068786431,67,28.27764068786431,18,0.8601397768973111,0.12916759144344275
Koramangala,21.891724528511062,73,29.191724528511063,19,0.5129970138808199,0.32786925207739803
Koramangala,19.262340093649456,76,26.862340093649458,20,0.7910908238052705,0.17970314311655464
Koramangala,21.276668311986825,78,29.076668311986825,21,0.5087628794467453,0.20275485963204262
Koramangala,20.61896862776924,81,28.718968627769243,22,0.7831009105757473,0.2129027486489161
Koramangala,21.799485832468886,82,29.999485832468885,23,0.40906762006562175,0.324176931306154
Koramangala,22.42785524764378,83,30.72785524764378,0,0.3072962584784384,0.2750758100016009
Koramangala,20.457295289393812,85,28.957295289393812,1,0.752040279668406,0.17615669738422726
Koramangala,22.01587543202403,84,30.41587543202403,2,0.3875510070157618,0.23481542010977136
Koramangala,24.25580805515316,75,31.75580805515316,3,0.7884717058208235,0.26005004315777397
Koramangala,24.69857311709512,67,31.39857311709512,4,0.39440934470894395,0.328564326639651
Koramangala,27.213049734394836,58,33.01304973439484,5,0.6929812338000361,0.24001587012622672
Koramangala,27.289890487434363,51,32.389890487434364,6,0.5549729006896521,0.241333876237278
Koramangala,31.485861981820882,45,35.98586198182088,7,0.828539090289667,0.14991875425803625
Koramangala,30.026888617589695,41,34.12688861758969,8,0.7956294433485676,0.28200014460032724
Koramangala,30.93733343108434,39,34.83733343108434,9,0.31529084254857886,0.3412585683476368
Koramangala,32.75284057879861,39,36.65284057879861,10,0.8306615366013181,0.2869746169657164
Koramangala,31.602818696949853,40,35.60281869694985,11,0.3087936397329866,0.3325633912012164
Koramangala,28.72440387569773,41,32.824403875697726,12,0.668177070415686,0.2148486513351741
Koramangala,28.643668909784466,47,33.34366890978447,13,0.7613144747869661,0.20912788199349394
Koramangala,29.511132258359385,53,34.811132258359386,14,0.6581906107677444,0.1709625043949273
Koramangala,26.07220868287185,60,32.072208682871846,15,0.8283582316030795,0.20823650731293808
Koramangala,23.220948586062217,61,29.32094858606222,16,0.7474588939015314,0.15254140792717003
Koramangala,25.155101368316448,69,32.05510136831645,17,0.42804958281624716,0.19675325782665684
Koramangala,23.260435167226944,74,30.660435167226943,18,0.6672168305165762,0.14603718953327186
Koramangala,22.666337870841918,78,30.46633787084192,19,0.5692986957325412,0.21991198320874109
Koramangala,21.514079038987386,81,29.614079038987384,20,0.5160830571687316,0.3131388031588152
Koramangala,21.619923830078413,82,29.819923830078416,21,0.7670791738424794,0.1729693724748126
Koramangala,22.630088050393876,83,30.930088050393877,22,0.8165133122547839,0.12148617205293341
Koramangala,20.559112014723908,85,29.059112014723908,23,0.3788016672575353,0.3231931557631675
Koramangala,21.693668026068067,87,30.39366802606807,0,0.5216447665710231,0.2517050299872472
Koramangala,20.25892142793512,89,29.15892142793512,1,0.6925904081250225,0.1203826028374364
Koramangala,21.83732757089507,88,30.63732757089507,2,0.4755051640531711,0.11276157166246106
Koramangala,23.668733442839475,77,31.368733442839474,3,0.873097097866115,0.19731187638049003
Koramangala,24.336466437022963,66,30.936466437022965,4,0.38127711092997035,0.2481017597838942
Koramangala,30.073296439984553,53,35.37329643998456,5,0.37327621781126097,0.2165269712704338
Koramangala,29.3376962992255,43,33.637696299225496,6,0.41780285616745116,0.24584039918460893
Koramangala,31.87468471632935,37,35.57468471632935,7,0.5506853119607195,0.285928158732557
Koramangala,32.090765689929114,34,35.49076568992911,8,0.7703730824648616,0.2597444555103105
Koramangala,32.110001611109574,33,35.41000161110957,9,0.43661261391088124,0.35667200707530217
Koramangala,31.493742740416703,32,34.6937427404167,10,0.5074920508554626,0.22816338508722506
Koramangala,31.590397193062493,33,34.89039719306249,11,0.7028361415083291,0.31030814171218246
Koramangala,31.715620199521144,35,35.21562019952114,12,0.3239534615154007,0.3295800272731352
Koramangala,30.635730396501224,40,34.63573039650122,13,0.537977843437584,0.25600293136879754
Koramangala,27.502302830171608,47,32.20230283017161,14,0.5616598175546845,0.19024611752437054
Koramangala,24.708344161445208,53,30.00834416144521,15,0.8233896484406107,0.09762637503810495
Koramangala,24.012626060273256,57,29.712626060273255,16,0.6222969052758689,0.21425241836528022
Koramangala,26.566465173896393,61,32.66646517389639,17,0.7016864987585552,0.1603602827528018
Koramangala,23.91092946301077,65,30.41092946301077,18,0.6125702594711322,0.1297729132961325
Koramangala,22.793114781823938,69,29.693114781823937,19,0.7892869323718862,0.07016363376451853
Koramangala,22.128104062084642,73,29.428104062084643,20,0.7855587501817163,0.14530233869069986
Koramangala,23.275380554975243,77,30.975380554975242,21,0.3912355061274174,0.17712213061225285
Koramangala,21.704159063206067,80,29.704159063206067,22,0.3315231043055949,0.386650690261783
Koramangala,21.057144698100142,83,29.357144698100143,23,0.3457808153550698,0.2083441526058687
Koramangala,22.32634929417969,83,30.62634929417969,0,0.525803888550844,0.1404142552674115
Koramangala,22.53698484093243,79,30.436984840932432,1,0.4820740178636459,0.2721217537202866
Koramangala,22.094120409152314,72,29.294120409152313,2,0.7668881859855251,0.18627981187712594
Koramangala,21.513686421593132,65,28.013686421593132,3,0.43941528848031725,0.32518036255537863
Koramangala,25.81919928477318,57,31.51919928477318,4,0.49040182588513004,0.2622053206526431
Koramangala,29.53235853179848,48,34.33235853179848,5,0.661573274111243,0.16310466703357382
Koramangala,30.38193068690967,40,34.38193068690967,6,0.8366026547291523,0.19901463160779526
Koramangala,31.85239121406867,34,35.25239121406867,7,0.7385207782117591,0.36954287111607953
Koramangala,33.471536815447294,30,36.471536815447294,8,0.6663959642795176,0.3553752784299031
Koramangala,33.00884186408036,27,35.70884186408036,9,0.4113958232148492,0.4315294665409023
Koramangala,31.979704335214635,26,34.579704335214636,10,0.6040021996261178,0.277704503872114
Koramangala,30.643701944311957,27,33.34370194431196,11,0.43372222398695703,0.21324320444998518
Koramangala,30.55926301878645,30,33.55926301878645,12,0.3050786639251779,0.29102586810005987
Koramangala,29.82705581961361,36,33.42705581961361,13,0.785955947474837,0.21520178398118908
Koramangala,27.643466133557105,43,31.943466133557106,14,0.38524453029450506,0.251792392218842
Koramangala,25.298036618469524,50,30.298036618469524,15,0.30986431086184146,0.24361499015184124
Koramangala,25.90985125082038,56,31.509851250820383,16,0.5630405241802169,0.2585008539572019
Koramangala,23.45822411458886,61,29.55822411458886,17,0.5655679069425705,0.22961953513224298
Koramangala,22.482764845649704,67,29.182764845649704,18,0.7372168989786868,0.22468513980934202
Koramangala,23.26000362939785,74,30.66000362939785,19,0.6915706863711193,0.23555651321237153
Koramangala,21.749926758248563,81,29.849926758248564,20,0.865094518832793,0.11577585029352395
Koramangala,22.03524665432376,86,30.63524665432376,21,0.3924327804219506,0.26094646864538174
Koramangala,19.96993815969337,89,28.86993815969337,22,0.43162693211182873,0.16399847431488015
Koramangala,19.839131957392212,91,28.939131957392213,23,0.8809839374917172,0.21475764498498134
Koramangala,22.280722200350525,90,31.280722200350525,0,0.5681493203771923,0.22962065929874104
Koramangala,21.645519699466863,85,30.145519699466863,1,0.3082806465535301,0.21526572014603898
Koramangala,22.909775347791815,76,30.509775347791816,2,0.4499289149883069,0.20444181205843964
Koramangala,23.129572230123365,68,29.929572230123366,3,0.6608238733559375,0.2011087516888242
Koramangala,24.834568501200675,60,30.834568501200675,4,0.6551901644745669,0.30717250782156835
Koramangala,28.33951097119371,51,33.43951097119371,5,0.6321240597120129,0.19686304848444258
Koramangala,30.510738432252516,45,35.010738432252516,6,0.5207756020046821,0.36042385941864097
Koramangala,32.12805177985533,40,36.12805177985533,7,0.8773731118363108,0.35564274106491145
Koramangala,32.705472917462224,34,36.10547291746222,8,0.6308119396039704,0.2650221639391243
Koramangala,35.205759276651754,31,38.305759276651756,9,0.5173379925664845,0.4806462788157268
Koramangala,34.313472056064946,30,37.313472056064946,10,0.5701995649563698,0.4006513237150106
Koramangala,32.23548389197745,30,35.23548389197745,11,0.636100833528801,0.3293937013409233
Koramangala,30.53593348472398,32,33.73593348472398,12,0.4876990391026708,0.29276630219105965
Koramangala,30.083732564081526,36,33.683732564081524,13,0.660522110583777,0.25647769581447744
Koramangala,28.03895619410656,41,32.13895619410656,14,0.40410190872312596,0.31531264254910485
Koramangala,26.58439387315549,47,31.28439387315549,15,0.6935508811698544,0.26192053138291854
Koramangala,27.045305425741667,53,32.34530542574167,16,0.495919367946532,0.2470706674407202
Koramangala,22.408959826403596,60,28.408959826403596,17,0.4316673174782699,0.1918552646599601
Koramangala,24.99197298793161,66,31.591972987931612,18,0.46132948827242365,0.2108430113478108
Koramangala,20.77105740733811,73,28.07105740733811,19,0.6331035583160103,0.21064753322971372
Koramangala,21.966264022205266,80,29.966264022205266,20,0.5129423711896417,0.2514689383717327
Koramangala,23.058745708130786,85,31.558745708130786,21,0.4246654573039746,0.2697413151064446
Koramangala,19.249170457100348,89,28.149170457100347,22,0.3047482570142726,0.2747442074987175
Koramangala,21.179252749602416,91,30.279252749602414,23,0.8859291812666206,0.23961642868386906
Koramangala,21.622111231151383,90,30.622111231151383,0,0.7695067456207827,0.12616158552263465
Koramangala,22.18202954261889,85,30.68202954261889,1,0.6038681257859928,0.14917777397189885
Koramangala,23.840296423329622,77,31.54029642332962,2,0.5432174937987738,0.1644706556256376
Koramangala,24.66921844408915,68,31.46921844408915,3,0.7511192786756871,0.13007104054275131
Koramangala,25.87518141035495,58,31.675181410354952,4,0.7186747928476813,0.2118462373033179
Koramangala,27.576794358795105,46,32.17679435879511,5,0.3728778894361397,0.2605523996515588
Koramangala,29.343423514203216,37,33.04342351420322,6,0.48557348103793346,0.16375842913138244
Koramangala,33.08839302118306,31,36.18839302118306,7,0.7201973609135323,0.3198917101213761
Koramangala,34.38798689039403,28,37.18798689039403,8,0.451408153993744,0.4228957382309214
Koramangala,33.496899056275815,26,36.09689905627582,9,0.5962703363564505,0.4129413330877684
Koramangala,33.27469185768506,25,35.77469185768506,10,0.5881631247987091,0.3819647316941728
Koramangala,34.28653006308895,25,36.78653006308895,11,0.7413196711000727,0.3635823176528536
Koramangala,32.85602372780105,26,35.45602372780105,12,0.679705848973549,0.3337810433456765
Koramangala,30.636628934057228,29,33.53662893405723,13,0.7487875469676948,0.2603250354524846
Koramangala,29.755911998101443,34,33.155911998101445,14,0.7204919902681874,0.1845710894229327
Koramangala,26.230854300921433,40,30.230854300921433,15,0.44227413780577995,0.24390083463190929
Koramangala,25.606675292732646,48,30.406675292732647,16,0.8258644143400049,0.24173429955564582
Koramangala,25.492298578054044,58,31.292298578054044,17,0.7359470720558592,0.2700273904879573
Koramangala,23.82315966141702,66,30.42315966141702,18,0.8459653325644909,0.16853264037103433
Koramangala,22.475913751982702,72,29.6759137519827,19,0.4829980872302456,0.19055146339925128
Koramangala,22.766164575178397,76,30.3661645751784,20,0.3877391652668952,0.2223577658595935
Koramangala,22.41440015439315,79,30.314400154393148,21,0.5869255004720242,0.24915079532917395
Koramangala,19.43986289929549,83,27.739862899295492,22,0.8285078035806472,0.17002274041079413
Koramangala,19.574664747998526,86,28.174664747998527,23,0.37690538144039754,0.22369320952746757
