area,rainfall,temperature,humidity,wind_speed,flood_risk,historical_rain_disruptions,rain_disruption_probability
Indiranagar,0.06441815957210296,17.4,90,1.8,0.7425516654538291,3,0.19552348572573505
Indiranagar,-0.18396996704534596,17.1,91,1.5,0.3483374140090867,2,0.0852414762348382
Indiranagar,0.4702243771951946,17.8,90,1.8,0.4480587141382858,3,0.1585462223671056
Indiranagar,-0.35476441921091467,20.4,79,5.1,0.39587717664187905,0,0.12482296256265056
Indiranagar,1.3080450368197287,23.0,68,7.7,0.4294280022076561,4,0.09463302717170569
Indiranagar,-0.48046299904319034,25.3,61,8.5,0.5694800985263169,1,0.09239829989206275
Indiranagar,-0.22448493192959948,27.6,50,7.7,0.21354904356548607,0,0.0
Indiranagar,-0.4685073227227628,29.1,44,8.0,0.7612287467482157,2,0.09534613976862302
Indiranagar,0.09746607730607308,29.8,38,7.1,0.5806756154226895,0,0.251365047822918
Indiranagar,-0.16438417066008948,30.5,35,7.7,0.7831893188153058,1,0.15833782923177842
Indiranagar,-0.4935288765102251,30.1,35,9.3,0.4387291374513275,3,0.019835318952907813
Indiranagar,0.6416568305175249,29.5,36,8.9,0.7105596519892261,2,0.18625719052480288
Indiranagar,-0.16693763619246604,29.0,36,7.9,0.5263105133056432,0,0.30555600604051236
Indiranagar,0.5034424152811638,27.8,41,4.9,0.4192106720371114,3,0.11715185108907386
Indiranagar,-0.09945711388476086,25.4,51,9.0,0.6652378730093291,1,0.21302669856592057
Indiranagar,-0.6124699874422953,23.9,59,7.0,0.7690322411910258,0,0.19261386988915244
Indiranagar,0.0437448994338482,23.0,64,4.8,0.25051715351770987,2,0.13398723609453284
Indiranagar,-1.1013460732366995,22.2,68,3.6,0.7949261463010813,1,0.20415942320902705
Indiranagar,-0.5240576043912496,21.7,72,4.1,0.7866010107176695,3,0.17880272400360347
Indiranagar,0.24154085342629875,21.0,77,6.2,0.7003656767030262,3,0.21647612546597322
Indiranagar,-0.004499020682758628,20.4,84,4.4,0.6695714411766869,2,0.23856439704651064
Indiranagar,0.2616369079761905,19.7,88,4.0,0.7108644703616611,3,0.2547100613905622
Indiranagar,-0.5504436736345896,19.3,89,3.8,0.5645607531923906,3,0.14074787017351298
Indiranagar,-0.8755370223870353,19.1,90,3.7,0.3730844490648722,3,0.08895674572173529
Indiranagar,1.1000977850706033,18.9,92,3.4,0.7036293866177679,1,0.1431319005572388
Indiranagar,0.5087230554731208,18.8,93,2.5,0.4296864493041884,4,0.0849557928548759
Indiranagar,-0.2994911300279614,19.6,92,2.9,0.4182128532316476,2,0.08334010271004547
Indiranagar,-0.6458657625542198,21.7,82,3.9,0.24015734403787947,1,0.04122150999575352
Indiranagar,0.3853048206173616,24.4,69,3.7,0.7605509753367219,3,0.19469698278767628
Indiranagar,-0.5577212524256895,26.7,55,3.7,0.42719599174955,0,0.055996672861770465
Indiranagar,-0.6095296107946461,28.2,46,3.2,0.5987986238246426,2,0.18968712804162652
Indiranagar,0.14425833268819047,29.3,40,1.8,0.3361068549941151,4,0.06699717636767871
Indiranagar,-0.13733371866288868,29.8,37,2.4,0.6177980935170626,1,0.04029252208168904
Indiranagar,-0.1135940790196109,30.2,35,3.4,0.3877292764536382,0,0.014322928406388394
Indiranagar,0.7515397473906473,30.4,34,3.7,0.25400329701378666,0,0.1565378282316112
Indiranagar,-0.373023674195393,30.2,34,4.1,0.6413322103369974,3,0.18626259473429974
Indiranagar,0.14305279102915144,29.6,35,4.3,0.47653638779256413,4,0.15875993137365801
Indiranagar,0.3825782218278906,28.2,43,3.7,0.4341654600095007,2,0.11776096797295176
Indiranagar,0.1736756351704704,26.3,51,3.1,0.24247682950209026,0,0.13122938796605269
Indiranagar,0.6747106882433829,25.6,55,1.5,0.5117398881230413,3,0.0777819873285828
Indiranagar,-0.5998237830807704,25.4,54,1.8,0.5704368442835817,4,0.01619525286430716
Indiranagar,-0.3533783328876749,24.6,56,3.3,0.6870853470195577,0,0.13373151074396875
Indiranagar,0.10253214101027769,23.3,62,5.6,0.7924832013602818,3,0.19471106691246132
Indiranagar,-0.3781381421441251,22.9,68,4.5,0.729228129492973,1,0.10663887103479458
Indiranagar,-0.23280123053005555,22.2,73,3.8,0.7719749787305683,2,0.21940208572944941
Indiranagar,0.3869794349127687,21.7,77,3.6,0.40472615726363237,3,0.14313840157911972
Indiranagar,-0.36719685396752677,21.4,78,4.3,0.40559208009652087,2,0.16195602398817138
Indiranagar,0.3915073413398932,21.3,77,5.5,0.7331786039131869,0,0.21092784588201793
Indiranagar,-0.5846069231344868,21.2,79,5.2,0.798065404937103,0,0.17102584128950812
Indiranagar,-0.5165192643351554,20.8,82,4.6,0.6803884721813311,2,0.1678493282997885
Indiranagar,-0.39988549487208747,21.5,81,4.8,0.2589722018908472,1,0.10819466778834763
Indiranagar,0.18551802444033524,23.3,75,7.1,0.4147877109542585,2,0.04978251056635859
Indiranagar,-0.7402333683958128,25.4,66,10.1,0.33450217237016533,4,0.1584466885911058
Indiranagar,-0.538244410695779,27.1,57,9.4,0.3301289426590308,0,0.20255421398627238
Indiranagar,-0.17614870480855274,28.7,51,8.4,0.4899260177646561,2,0.13236419928677948
Indiranagar,0.1151258311238024,29.7,44,5.4,0.5111857909659328,2,0.09825145247884978
Indiranagar,-0.19423589412695205,30.3,39,6.2,0.24936898862960175,2,0.16712277515796392
Indiranagar,-0.19480955399476102,31.0,37,7.8,0.24063602318554062,2,0.10728457641812156
Indiranagar,-0.4948117295088347,31.0,37,7.9,0.21845760432625452,4,0.17447536010750583
Indiranagar,0.7397620269518919,30.5,38,8.0,0.4353307979422524,1,0.10192219664676415
Indiranagar,0.4002158842739942,29.7,40,7.3,0.363510767613185,2,0.108005702665497
Indiranagar,0.9354447835374239,28.4,46,5.4,0.3450949747595291,4,0.07791122002608118
Indiranagar,0.751935184583026,26.8,54,4.7,0.47959906310243483,3,0.10677467572012062
Indiranagar,-0.22420687653347499,25.9,55,6.1,0.3709329767679206,3,0.08187305479005269
Indiranagar,-1.3001541799944807,25.1,58,8.0,0.6120291826799256,4,0.1483954668365938
Indiranagar,-0.31413120341124234,24.1,66,10.2,0.32107508351805464,1,0.14352836482700915
Indiranagar,-0.5609683507958456,23.5,73,9.2,0.2239134619401029,0,0.07627352645804512
Indiranagar,-0.5065527655088098,23.0,77,8.4,0.7420335216159959,1,0.21234195979328602
Indiranagar,0.3112434075380907,22.5,80,6.9,0.7305930119415174,2,0.24387093108671226
Indiranagar,-0.2693734523038702,22.1,82,5.9,0.6123332835479253,2,0.15533403332073964
Indiranagar,1.463598436922856,21.8,84,6.0,0.37479687814740553,1,0.13097611492333883
Indiranagar,-0.6105342444042016,21.7,85,4.8,0.7925549587386405,3,0.14568283625478037
Indiranagar,0.24049685648354355,21.6,86,4.1,0.3017678058119556,3,0.11400012768563811
Indiranagar,-0.48757752708588087,21.4,87,3.8,0.3117234258549942,0,0.1763754595681642
Indiranagar,0.33796729590988955,22.0,86,3.3,0.6774173284516509,0,0.25661022535198014
Indiranagar,-0.22348171071026984,23.8,77,4.4,0.3326486883776677,1,0.1463518025422888
Indiranagar,-0.08388855680428975,25.8,65,5.1,0.5918357748645043,0,0.18467777995503315
Indiranagar,0.12473084182113207,27.8,51,6.3,0.5187754476604487,4,0.2230929864913523
Indiranagar,-0.02963923895551797,29.5,41,9.0,0.25097464527046287,4,0.07472559614793903
Indiranagar,0.4409275733051704,30.6,37,10.0,0.6718692596830634,0,0.21900636593197703
Indiranagar,0.22645148196095577,31.2,34,9.4,0.7831133454167301,4,0.1344926607150993
Indiranagar,-1.0853090599344022,31.7,33,9.2,0.4989069790683257,1,0.10827705934858256
Indiranagar,0.045912609071152535,31.7,32,9.5,0.407705763913291,4,0.1509386261968812
Indiranagar,1.0671241942379417,31.2,33,9.2,0.22594562034600274,3,0.10054568968229788
Indiranagar,-0.3523623265353386,30.3,35,8.8,0.20159096483953076,0,0.11082662896327909
Indiranagar,-0.3271410137528442,28.9,39,7.8,0.3749736474177138,1,0.17231596540561098
Indiranagar,-0.02376413181858823,27.3,45,6.8,0.6445282282839213,3,0.19902951503912994
Indiranagar,-0.2879715547540198,25.8,51,6.1,0.6359310155308868,1,0.06151544521355977
Indiranagar,-0.5517972884780802,24.8,56,6.8,0.7708252807995062,2,0.15231330191771503
Indiranagar,-0.2243835856393521,24.1,60,8.0,0.6236299421164428,0,0.1591642602943338
Indiranagar,0.29245117752917527,23.5,64,8.5,0.6517535949893422,3,0.21536711176691709
Indiranagar,-0.5785867826759189,23.0,69,8.5,0.6141648874041868,2,0.08146624497504014
Indiranagar,0.2101785882176352,22.7,73,7.9,0.29758267100375024,0,0.08641005880509448
Indiranagar,0.22734185952104288,22.3,77,7.2,0.7465051498889186,0,0.1540387942689998
Indiranagar,-0.23819670388786948,21.6,81,4.6,0.6477824759125639,3,0.19621013083777605
Indiranagar,0.9338414484085209,20.9,85,1.9,0.6175931802415361,2,0.14704223115619341
Indiranagar,-0.34069893113089084,20.7,85,3.2,0.7493773881353241,1,0.18103158166798422
Indiranagar,-0.7148566991125478,21.2,80,2.9,0.7766007539761457,3,0.13859353295786986
Indiranagar,0.19918330171921603,22.3,71,4.2,0.3974969076598125,3,0.17347215143031552
Indiranagar,0.6252058490464413,23.8,62,6.4,0.7419756946908282,0,0.24775123146770284
Indiranagar,0.24644635579778784,25.8,53,6.9,0.20458038757811184,4,0.12827408637455218
Indiranagar,-0.42738013596038943,28.2,44,6.5,0.6051857249457611,0,0.12024433992699912
Indiranagar,-1.4289562135887834,30.2,37,6.6,0.3430540932489259,1,0.06481307184815574
Indiranagar,0.3466489482288527,31.5,32,7.7,0.38628378975210287,3,0.13629650818545533
Indiranagar,0.3204824459399246,32.4,29,9.3,0.6937763475488585,2,0.14006984494826408
Indiranagar,-0.7323839183356347,32.7,27,10.8,0.5244580375578196,0,0.10232034165915643
Indiranagar,0.23258839564588304,32.5,27,11.0,0.31543826760766214,1,0.0629513293389784
Indiranagar,0.18390135125095194,31.8,28,11.1,0.5710944742079432,1,0.20716844034093326
Indiranagar,0.45312851859770703,30.8,31,10.5,0.4787065201941541,0,0.18490032145257018
Indiranagar,-0.2966447233092874,29.5,35,9.4,0.2731781491567358,3,0.11955113714307071
Indiranagar,0.3241698550176352,27.8,41,8.2,0.45036351213953485,4,0.15472000291812255
Indiranagar,-0.7523581378866034,26.3,47,7.4,0.6882808084761507,4,0.057951379444856205
Indiranagar,0.5336990513928956,25.2,53,7.5,0.5127187981093935,0,0.11556680719228865
Indiranagar,0.24513571268043732,24.3,59,7.8,0.770427617680117,1,0.2945275310152771
Indiranagar,0.00202056985711503,23.5,65,7.7,0.6198823279242552,0,0.11337762940681814
Indiranagar,0.38361908357958713,22.7,72,6.6,0.4061390930184028,3,0.14434629563287837
Indiranagar,0.1908350681628159,22.0,79,5.5,0.433593030966616,4,0.08075542285854431
Indiranagar,-0.6299045743389864,21.4,85,4.2,0.2550961426046671,4,0.031460585818855705
Indiranagar,0.14821814881341014,20.8,88,3.4,0.3540166180362878,3,0.09986663328584126
Indiranagar,-0.6427298959356095,20.3,90,3.3,0.7575450673475199,2,0.2507780603109975
Indiranagar,-1.188531513102399,20.3,89,3.3,0.717146012751646,4,0.06679647121673331
Indiranagar,-0.0566120846694742,21.0,84,3.6,0.44376082995764576,2,0.11276152783926087
Indiranagar,1.0320576280242333,22.2,75,4.3,0.664819231668792,4,0.19207834277833868
Indiranagar,0.18761508474174104,23.7,67,4.9,0.7603996412318956,0,0.17003687886274713
Indiranagar,-1.2072156131192107,25.9,59,4.9,0.6153051199236513,1,0.22721124165988707
Indiranagar,0.5580577792717439,28.4,50,4.2,0.31331818509127995,1,0.05465227608729363
Indiranagar,0.11379922875284074,30.1,44,3.7,0.4129999943312326,2,0.09833592740668823
Indiranagar,0.5519875727220204,31.6,39,5.0,0.5279698812556453,1,0.1478617026549096
Indiranagar,0.13217935832081112,32.7,33,6.9,0.6279882831484394,3,0.19858178856874564
Indiranagar,0.20176531847544948,33.2,30,8.6,0.20196604533932752,3,0.14446673753790912
Indiranagar,0.09059433920377631,32.9,29,9.7,0.7421493554880603,4,0.21703363869500356
Indiranagar,-0.33980018744288654,32.1,30,10.1,0.7238113018912613,2,0.20829298506330232
Indiranagar,-0.34662895735410204,31.1,32,9.4,0.7745557689062341,0,0.19699126196876693
Indiranagar,-0.34482222655401373,30.1,36,6.5,0.4074788791813051,0,0.17456107654431033
Indiranagar,-0.6701508468423619,29.0,42,3.0,0.6885790075523486,1,0.13056741648685555
Indiranagar,-0.32171479712036827,27.9,48,0.8,0.2168249209143127,0,0.0
Indiranagar,-0.8673911855294286,26.6,53,1.1,0.4996895591684647,4,0.0
Indiranagar,-0.46754571242476456,25.4,58,3.9,0.35274961844661357,3,0.10138208171328827
Indiranagar,-0.046416594364749264,24.2,63,5.7,0.26765273912879106,3,0.156002075786145
Indiranagar,-0.4108044101077271,23.3,70,5.8,0.45236244776133144,2,0.11562461852188757
Indiranagar,-1.0723288689296187,22.6,77,4.9,0.695751651788125,2,0.20125931479857684
Indiranagar,0.5596494782571797,21.9,83,4.4,0.46759102556147303,2,0.14921361349865472
Indiranagar,-0.6797765813370282,21.3,87,3.7,0.6474879250246394,1,0.07568040868931979
Indiranagar,0.447779999140147,20.8,90,3.2,0.4365092908261201,4,0.18030027093811307
Indiranagar,0.3905824683173453,20.8,89,3.1,0.4029709935384662,2,0.08176504360576381
Indiranagar,-0.3650056925154299,21.5,84,3.3,0.3911734139646105,0,0.07715282213897942
Indiranagar,1.065828123333277,22.6,77,3.3,0.49234083080180957,1,0.12208965392220507
Indiranagar,0.17140149580947547,24.1,68,3.9,0.6433709803020795,3,0.16814973282715848
Indiranagar,-0.2450326733500916,26.2,58,4.8,0.5593749075901052,3,0.20287053458443177
Indiranagar,0.4511417040842378,28.7,46,6.2,0.4693407523114388,2,0.09874193971874895
Indiranagar,-0.023192966534827893,30.8,37,7.4,0.5656808655429064,4,0.17984635168974486
Indiranagar,0.056562250153870244,32.3,31,8.4,0.4266154597205169,4,0.0
Indiranagar,-0.520960742282424,33.3,28,9.4,0.5427208604636657,1,0.19187178583016817
Indiranagar,0.03458735548857703,33.8,26,10.1,0.35726235011046004,3,0.0815596473283012
Indiranagar,-0.07955941292872662,33.7,24,10.8,0.40156286851836526,0,0.2057857693210252
Indiranagar,-0.10412186124011005,33.2,24,11.5,0.4652257334570076,3,0.10056924125813703
Indiranagar,-0.08424111701949247,32.3,25,11.9,0.5236135545104261,0,0.2513373087477895
Indiranagar,0.05931356594241623,30.7,27,11.2,0.38099370383272524,1,0.1686517611033689
Indiranagar,-0.5174627459597412,28.7,31,10.7,0.2216054409640358,1,0.05380155412750859
Indiranagar,-0.5610871534605605,26.9,37,9.9,0.2186526247811835,4,0.07087794998923348
Indiranagar,0.16640201201469831,25.5,45,9.2,0.5163980371653032,3,0.14026261023120315
Indiranagar,0.4005708656300228,24.4,55,8.8,0.764297247946119,1,0.19609166051153387
Indiranagar,0.044539434265539295,23.4,64,8.0,0.5312774549111516,1,0.14986766804979162
Indiranagar,1.409087653731587,22.6,70,7.1,0.6459039584324834,2,0.20347922955740824
Indiranagar,0.389447271478366,21.9,74,5.9,0.38233010320293537,0,0.20807907250348495
Indiranagar,0.6409995482356022,21.2,78,5.1,0.3350360365567572,3,0.15180941270594533
Indiranagar,-0.4232475806276744,20.4,82,4.0,0.7308805383975501,2,0.1920086099235581
Indiranagar,-0.6481752539493719,19.6,85,2.9,0.45924055761436083,3,0.11713568254503624
Whitefield,-0.8778920329080608,17.1,92,1.8,0.4974156335444387,2,0.1443947580070618
Whitefield,-0.29426256958546815,16.9,92,1.8,0.6662698992869078,3,0.10902069516441831
Whitefield,-0.01714478775621052,17.7,91,1.8,0.5733477334828863,3,0.08211547920177378
Whitefield,-0.42910311887801095,20.2,79,5.2,0.3560514443889885,4,0.13626664037105354
Whitefield,-0.45267526672086705,23.0,67,7.0,0.37404032517017594,1,0.1750198164844914
Whitefield,-0.7915682342131409,25.5,59,7.7,0.3455911822000113,2,0.16032631099976297
Whitefield,-1.1716491520524805,27.8,48,7.1,0.5803086707451505,1,0.1541270170083943
Whitefield,0.2785168285886688,29.1,42,6.9,0.36810416434970894,2,0.12313371336809012
Whitefield,-0.35596738943588363,29.7,37,7.0,0.5691735475937298,3,0.22145985406528207
Whitefield,0.42485927927656386,30.2,34,7.6,0.517161980259329,1,0.05563841073345689
Whitefield,0.5091899305111487,29.9,34,8.7,0.23890715271384527,0,0.093012947459814
Whitefield,-0.09669811041460107,29.1,37,7.4,0.5255448143264433,4,0.20463536269064053
Whitefield,0.785043385089798,28.8,37,6.9,0.7376342938713127,0,0.18680493318788283
Whitefield,0.06033076064720345,27.2,42,7.9,0.2547474259855856,2,0.09298166929565048
Whitefield,0.40702438053866813,24.6,55,9.4,0.7718346822606392,1,0.20574336534599466
Whitefield,-0.1786871061358352,23.3,62,5.6,0.6160654533231391,3,0.1674245747234124
Whitefield,-0.5021664266307063,22.3,67,4.7,0.7657568744305312,0,0.13016220307700968
Whitefield,0.1665664393800361,21.6,71,4.2,0.5399917878672081,4,0.13008525252094863
Whitefield,0.6064863511331764,21.1,74,6.3,0.5709910757893477,0,0.17684137378882134
Whitefield,0.030766223993278954,20.3,84,5.8,0.3270964268137708,2,0.11550929634645543
Whitefield,-0.23997729452794325,19.8,88,4.6,0.32908945234660547,3,0.11586166465505116
Whitefield,-0.018452984795204644,19.5,91,2.9,0.5800077727100803,4,0.10129636450828139
Whitefield,-0.30804812649761343,18.9,92,1.8,0.7945824220400397,1,0.08514115038161829
Whitefield,0.21463735513112772,18.9,92,2.9,0.22110278783801232,2,0.13483033597224786
Whitefield,0.3700982843840675,18.7,94,3.2,0.633619868644689,2,0.24160393213194348
Whitefield,0.27589793356625364,18.7,95,3.1,0.4468879186699082,4,0.15879853352949502
Whitefield,0.43347125328812836,19.4,93,3.8,0.25459208052771104,4,0.10338592476276788
Whitefield,-0.5909465347868389,21.4,83,4.4,0.6090794376019393,4,0.05729849927054459
Whitefield,0.04842340825622398,24.1,70,4.6,0.7435056531787019,4,0.14984890912169918
Whitefield,-0.5709885742512901,26.4,55,4.2,0.33918726966045404,2,0.17623066404451787
Whitefield,0.5630532873374853,27.9,47,4.1,0.27886830497433646,0,0.0995387676810343
Whitefield,-0.39048645675084986,29.0,40,2.1,0.42417217819262354,3,0.044874401410411026
Whitefield,-0.09764267193217312,29.6,36,1.3,0.410516324295644,2,0.16552177246211783
Whitefield,-0.06824388469189593,29.9,34,2.4,0.3758452256961169,3,0.06673276596449908
Whitefield,-0.3941201262392884,30.1,34,3.4,0.5871743271548296,0,0.18901500610766492
Whitefield,-0.3942423489807138,30.0,33,3.6,0.6107894912780694,4,0.14981039791620598
Whitefield,-0.4014753264341221,29.4,35,3.8,0.543903832988651,1,0.030518987539164488
Whitefield,0.6253208585613005,28.2,41,2.7,0.5401519090986717,0,0.09672920656728712
Whitefield,0.6837391385809424,26.7,48,2.6,0.6898942222404968,1,0.11688583899941438
Whitefield,-1.0325292621015913,26.1,52,1.4,0.2772093560321066,3,0.0
Whitefield,0.28842592194384437,25.3,54,2.5,0.36493204991264905,0,0.11947166729712119
Whitefield,0.3203409377833137,24.4,58,4.3,0.7131514746733627,2,0.24878198238895846
Whitefield,0.1003954843112614,23.3,64,5.6,0.7866704638527053,3,0.24695912158839228
Whitefield,-0.12432010732837476,22.6,70,4.7,0.3968460231329045,1,0.11076408783985492
Whitefield,0.6225717919242126,21.8,74,4.4,0.5806653500317223,3,0.153874829031889
Whitefield,-0.7580722311822617,21.3,77,4.3,0.7873750049452635,3,0.11650366951274348
Whitefield,0.19659969577004313,21.0,78,4.7,0.2809267823125004,0,0.19492327308595014
Whitefield,0.9226029417082771,20.7,82,4.9,0.6794507022989995,0,0.17820862663995007
Whitefield,-0.6238469795600506,20.5,85,5.4,0.538441775582588,2,0.17908794057193522
Whitefield,1.2394118996509318,20.3,86,4.8,0.4167588997886444,2,0.1978154457141419
Whitefield,-0.3655348391031092,20.9,85,5.6,0.5424228635436569,0,0.1890403315073065
Whitefield,0.9274087018189834,22.7,79,7.3,0.5864539091483479,3,0.1823398684888203
Whitefield,-0.3633931529641874,25.1,68,9.4,0.504045243168879,4,0.12142969550061981
Whitefield,0.22978728329283665,27.1,57,9.1,0.5334610710655467,4,0.18605792214648653
Whitefield,0.030175877267880458,28.7,50,7.5,0.4553558074749052,0,0.11553497099144881
Whitefield,-0.6600593117268858,29.7,42,5.4,0.4915473830341053,4,0.029837838172681055
Whitefield,-0.15703852576358676,30.2,39,6.6,0.7642592999807973,3,0.2414819850744443
Whitefield,0.21174303370740277,30.7,37,7.8,0.5525056353661426,1,0.18710720584220264
Whitefield,0.07171689824634553,30.6,37,8.2,0.7340673486666915,1,0.09922301208854435
Whitefield,0.9005782930726725,30.2,38,8.3,0.23932757974271923,4,0.025696024970962766
Whitefield,0.6446823668513184,29.3,41,8.0,0.6539096668781735,2,0.19585485612641426
Whitefield,0.4832406516818115,27.8,47,5.2,0.6804358892672626,2,0.1186580076629868
Whitefield,0.09225843069495993,26.2,55,4.1,0.4469063170426154,2,0.14910506589746553
Whitefield,0.29324205317237867,25.3,57,6.8,0.21192589178892257,1,0.100962992443443
Whitefield,-0.10008505413132322,24.5,61,8.3,0.21500118922438732,4,0.031781876862766886
Whitefield,1.020777925255573,23.6,69,9.7,0.4270844583094259,2,0.15279317992550415
Whitefield,0.7529118497244746,23.1,74,8.5,0.2204567439379448,4,0.10093785610627429
Whitefield,0.30365757800308985,22.6,78,8.1,0.7536102233451705,3,0.16782469172719222
Whitefield,0.07694307145494644,22.1,82,7.1,0.5126002346004062,0,0.15653000379864263
Whitefield,-0.38932583994203446,21.6,86,6.1,0.4289735081206134,4,0.09309425358725483
Whitefield,-0.24608283447846868,21.3,89,6.2,0.6163320289409003,4,0.0961882816718295
Whitefield,-0.36242869949233003,21.2,90,5.4,0.3602444836667483,1,0.10142774019632655
Whitefield,0.35611721099396126,21.1,90,4.9,0.6284115204355346,3,0.2046530104082192
Whitefield,0.48436058502206386,21.0,90,4.2,0.455054343261728,4,0.19570519465556618
Whitefield,-0.12444098368787286,21.6,87,4.3,0.7553428493975582,2,0.2089793111838484
Whitefield,0.1783109441017566,23.4,78,4.8,0.5047818211013771,0,0.1376705913998072
Whitefield,-0.5979286384947162,25.5,62,5.8,0.7474054248415976,4,0.14541247041959937
Whitefield,-0.02360635387768012,27.4,50,6.5,0.3123094194992808,1,0.09631799271555064
Whitefield,-0.03546453902715963,28.9,40,8.8,0.7545373940421758,4,0.2663407744882942
Whitefield,0.4910134517343412,30.1,36,10.0,0.5859987362654688,3,0.25542800850841363
Whitefield,-0.4567626566983472,30.8,34,9.0,0.45110842210854585,1,0.07559536811562878
Whitefield,0.24232260384131762,31.2,33,9.2,0.7787309095876276,3,0.1530540732954929
Whitefield,0.42127121267020606,31.1,33,9.3,0.37149010959107515,1,0.16519745550164863
Whitefield,0.0026664807843655726,30.7,34,8.7,0.30061066767893335,3,0.1505282261273466
Whitefield,0.1666198575411992,29.9,36,8.5,0.7793188770808195,4,0.20431761709217497
Whitefield,0.7649141975326076,28.7,40,8.0,0.21679491805179357,0,0.048219353143545696
Whitefield,-0.24089660664751836,27.2,45,7.1,0.2512222785422309,1,0.11063235782551581
Whitefield,0.5907659973324279,25.8,50,6.9,0.29836186457233216,4,0.06237482297718592
Whitefield,0.9335959119988461,24.7,55,7.2,0.3334693041053844,1,0.1564089102886929
Whitefield,0.020060876976271652,23.7,60,8.2,0.6860197068978151,0,0.20161440533791833
Whitefield,-0.799898991752964,22.9,65,8.4,0.214378114262937,1,0.12168240828363372
Whitefield,-0.22722770777844042,22.4,70,8.2,0.20260160139575079,0,0.08854747801991113
Whitefield,-0.1641655508083936,22.0,75,8.2,0.49115547558927136,2,0.18625812595530108
Whitefield,-0.32794072554229836,21.6,79,7.0,0.7252212843651047,3,0.22691642811442636
Whitefield,-0.08245072631066559,21.0,83,4.1,0.20407103887537603,4,0.0985279134624048
Whitefield,0.31603032907051376,20.4,86,1.0,0.5771897069453262,4,0.1121251609910607
Whitefield,1.1429061950574402,20.2,85,2.5,0.7416836427378524,2,0.2290205176291859
Whitefield,0.5884301792018136,20.8,79,1.5,0.6427654207945648,1,0.15160684400272137
Whitefield,0.1684846451955877,21.8,70,3.9,0.6952662803898282,3,0.19064578401624077
Whitefield,0.2547059251380013,23.3,61,6.6,0.7264270361222864,0,0.23416634928679206
Whitefield,-0.043672712032136185,25.4,51,7.4,0.32840066866550055,3,0.1526673654496386
Whitefield,0.9162447485261372,28.0,41,7.1,0.445983486954707,1,0.23421964426228276
Whitefield,0.5089852148812355,30.0,33,7.1,0.652541558052524,1,0.1654923084655534
Whitefield,-0.5931517941770207,31.2,29,8.2,0.55142072129027,3,0.14081352062447006
Whitefield,0.2598383176599093,32.0,27,9.4,0.4747662727796885,4,0.09481979421944121
Whitefield,-0.5000027323195975,32.2,27,10.3,0.7756145292559979,2,0.2349428978628439
Whitefield,-0.5624489130584422,32.0,28,10.5,0.5459395097203775,1,0.23067205283106254
Whitefield,0.5806983959018475,31.4,29,10.1,0.5249754440588439,3,0.21393520668912905
Whitefield,-0.23472671614322455,30.5,32,9.5,0.3206957557784862,4,0.11288152745764227
Whitefield,-0.04427222563457326,29.1,36,8.6,0.4971184374553967,3,0.0961069489191575
Whitefield,0.282633649754295,27.4,41,7.8,0.5249883536109284,4,0.15731971515342802
Whitefield,-0.09934948574008047,25.9,46,7.4,0.5303460936375911,2,0.0795759464304211
Whitefield,-0.20830152544406783,24.8,52,7.5,0.758727270599449,0,0.24084562051919212
Whitefield,0.1644490486833107,23.9,58,7.6,0.4061064796901035,4,0.14952656743973394
Whitefield,-0.1152756924644334,23.0,65,7.6,0.5293414098398606,1,0.23692787959322636
Whitefield,-0.14338586528201835,22.2,73,7.0,0.24684154573305375,4,0.051209538758446416
Whitefield,-0.048247989967401296,21.4,81,5.9,0.3469850171019668,0,0.20178661552040095
Whitefield,-0.5274665347191797,20.8,87,4.8,0.5226140966969901,4,0.09797144594191795
Whitefield,-0.9742822150699983,20.3,90,3.6,0.41322688488872955,2,0.06366589322978244
Whitefield,-0.28286238029400296,19.9,90,2.7,0.682499432889071,3,0.0682659456361837
Whitefield,0.1451034218829783,20.0,88,2.6,0.2658027788966233,3,0.08390893331167046
Whitefield,0.4151059526716635,20.7,83,3.2,0.6398646043983769,4,0.16001030356614515
Whitefield,0.0968089675821058,21.8,75,4.6,0.6157364651676289,3,0.12459872259275878
Whitefield,0.319675626859317,23.2,67,5.4,0.484985016645351,4,0.1355984433114457
Whitefield,-0.0012029064306658436,25.4,59,5.4,0.6000709617645125,4,0.16706562064237718
Whitefield,-0.09957711069705821,28.0,50,5.0,0.7835771986962605,4,0.27397609093351455
Whitefield,0.3380916814601517,29.8,44,4.7,0.5415199000962648,2,0.10752980033491835
Whitefield,0.5643684339293134,31.3,37,5.2,0.4466086653832728,0,0.17194219190140445
Whitefield,0.23141153397492306,32.2,33,7.2,0.31856645227347535,1,0.12768052938464453
Whitefield,-0.16733325771420168,32.6,30,9.2,0.6024145072422632,3,0.20448026837766242
Whitefield,0.27493821113271544,32.4,29,9.7,0.23711721984881567,4,0.09040786352796276
Whitefield,0.5235822590699406,31.7,30,9.1,0.3704354928182832,0,0.2274625522430268
Whitefield,-0.22813471836101504,30.7,32,8.3,0.7257412215914281,3,0.21594922183346682
Whitefield,-0.029804014560155523,29.6,35,7.3,0.6334671183037605,2,0.19899402103904873
Whitefield,-0.7073398278465063,28.3,39,6.2,0.38649942434268836,2,0.07511849172056428
Whitefield,0.21154478296524962,27.0,44,6.0,0.5912587219076052,3,0.2323158977602778
Whitefield,-0.5023718351323935,25.8,50,5.5,0.5162023062116945,3,0.0923578834656349
Whitefield,0.5779179384699368,24.6,57,5.2,0.23373609110480792,3,0.062048862908429536
Whitefield,-0.13719606876361956,23.6,64,4.7,0.4316355116496625,4,0.14644482926476723
Whitefield,-0.15615543025332734,22.7,71,4.5,0.5599785268955111,3,0.1258268629385494
Whitefield,-0.17081498952933616,21.9,78,4.2,0.5505315665026157,3,0.19781697921279212
Whitefield,-0.12606809404927335,21.3,84,4.0,0.6995985493040922,0,0.07715373820485635
Whitefield,-0.19739151276509911,20.7,88,3.7,0.3073532402340231,0,0.14520511650554035
Whitefield,-0.20057504948889296,20.3,92,3.1,0.664920863157171,3,0.14740339844430464
Whitefield,0.20775859031254265,20.3,91,2.8,0.6296429465854629,2,0.22485429096746878
Whitefield,-1.4035008201295909,21.0,85,3.1,0.20824543831246553,3,0.0
Whitefield,-0.03616762176113245,22.1,76,3.6,0.6847229881668728,1,0.157604317391017
Whitefield,-0.12499052296894377,23.7,66,4.1,0.5913464095086995,4,0.10836829515224956
Whitefield,0.2477397279409621,25.9,55,5.3,0.2480420065988215,3,0.06373443040297332
Whitefield,-0.30328117694405693,28.4,44,6.8,0.3126478104740433,4,0.09944442092135068
Whitefield,-0.6474692791346419,30.6,35,8.0,0.6077695308629314,3,0.0908514433709707
Whitefield,0.7423969865238866,32.0,30,9.0,0.5781141284280547,4,0.18513622759764345
Whitefield,0.4116794166937576,33.0,27,9.7,0.21488050589511432,4,0.09964703193587925
Whitefield,-0.28621033217661745,33.5,25,10.5,0.29134223339233534,2,0.13301014079804538
Whitefield,0.3121553581046364,33.4,24,11.3,0.7577322430233275,4,0.21263344035588938
Whitefield,0.5405747269824723,32.8,24,12.0,0.34321300806753624,1,0.1517836869212108
Whitefield,-0.21515734209706844,31.8,25,11.9,0.28063994630914585,3,0.12359705355869917
Whitefield,-0.8300558540770206,30.1,29,11.2,0.44271855614351685,3,0.07655956931829982
Whitefield,-0.023094319163852482,28.0,34,10.0,0.7106357976778157,3,0.19337788802454428
Whitefield,-0.035027219122975135,26.2,40,9.2,0.3111304393677447,4,0.08985789149207349
Whitefield,-0.04162447109022496,24.8,48,8.6,0.7135970319726621,0,0.20099765254545612
Whitefield,0.5888431044832475,23.7,57,8.1,0.694143260206737,2,0.241212972923303
Whitefield,-0.6083413908074178,22.7,65,7.6,0.5071098847281742,3,0.10583652870546754
Whitefield,-0.694686385913444,21.8,72,6.7,0.6203335384312666,1,0.09737789532531316
Whitefield,0.11530414839251872,21.1,77,5.8,0.7388577462948633,2,0.1559333003885364
Whitefield,-0.5080106788954265,20.4,82,5.1,0.2454896994823072,1,0.0946157766882491
Whitefield,-0.6581569691638699,19.7,86,4.0,0.5513983485012846,2,0.1488480393423458
Whitefield,0.31047670414742173,19.0,89,3.1,0.7709315916675714,2,0.17137454456463233
Electronic City,-0.56761574866202,17.5,90,2.0,0.6238144483972221,0,0.17579772221618414
Electronic City,0.5302144996572897,17.2,92,1.8,0.5140348116538949,2,0.03260001228582031
Electronic City,0.6853948610134343,18.0,91,1.5,0.2786823010752184,3,0.05289241496098168
Electronic City,0.4597477682460783,20.6,80,4.3,0.38221921889166344,2,0.22330852771273246
Electronic City,-0.10599338265430121,23.0,70,7.6,0.7495092888060997,3,0.24594759341000705
Electronic City,-0.3529014035701089,25.2,63,8.6,0.2919481590531531,4,0.12145408425582882
Electronic City,0.599438533240132,27.7,53,8.4,0.38490173052738524,0,0.19340939496119022
Electronic City,0.6566634312184614,29.4,46,9.1,0.79346130996894,0,0.20854493986661937
Electronic City,-0.6297599654974727,30.4,39,8.8,0.7052298659557517,3,0.23872795148871148
Electronic City,0.9026223200725272,30.8,35,8.5,0.6576636755286169,0,0.17117609491652133
Electronic City,-0.2948975690725005,30.7,35,9.8,0.2132940577627868,3,0.06305849375210165
Electronic City,-0.8285082074798648,30.1,35,11.0,0.3814614340968554,3,0.03381233335150882
Electronic City,-0.13294973872841204,29.4,36,9.4,0.2834315680345159,0,0.15952795109848686
Electronic City,-0.046331867493205205,27.8,42,5.0,0.5304189263885386,3,0.059334603418823406
Electronic City,0.6122162143122264,25.7,51,8.2,0.5304658024498392,4,0.20873889805529225
Electronic City,-1.1157442681678624,23.9,62,9.8,0.3403885727946919,2,0.09463962404003579
Electronic City,0.6354883572377059,23.1,66,5.6,0.6596448396256462,4,0.24046424539414327
Electronic City,0.48906715737105777,22.5,69,4.1,0.6190486951418024,0,0.1659417353026305
Electronic City,-1.5023260849567608,21.9,72,5.8,0.2847853766489442,2,0.003966926647315454
Electronic City,-0.07254737043789064,21.3,76,5.1,0.3362294292299262,4,0.07975893197883116
Electronic City,-0.6682858740309229,20.6,83,6.5,0.4335465870494792,0,0.09991306331837177
Electronic City,-0.15158974090536181,20.2,86,3.4,0.27403840406699786,1,0.14777835891302485
Electronic City,-0.15644957281102742,19.8,88,5.0,0.5542322195118804,4,0.06535378268514112
Electronic City,0.7619322048409538,19.6,89,5.0,0.7896819693855961,1,0.25484826805438465
Electronic City,-0.3339149708915272,19.2,92,3.6,0.22532166975129245,1,0.0046075012809913204
Electronic City,0.4449474808661991,18.9,94,2.2,0.4954951820549439,2,0.09381820221379439
Electronic City,-0.6045400168732629,19.7,93,2.5,0.2003234610468333,0,0.008195491343381274
Electronic City,-0.3104016951767609,21.9,80,3.4,0.3702989130832425,1,0.0812727073449635
Electronic City,-0.120925768934822,24.6,68,3.0,0.4530810041089384,0,0.08864148759624405
Electronic City,-0.030137156957336556,26.8,56,3.7,0.7114292177348023,4,0.1898560150335868
Electronic City,0.6734319318934131,28.4,47,3.3,0.33862250187519205,2,0.12725533834909294
Electronic City,-0.5597362478688047,29.4,41,2.4,0.39170841333645556,0,0.0
Electronic City,-0.9377170711333775,30.0,37,2.9,0.541421892496964,1,0.209619350615519
Electronic City,-0.595643610783324,30.4,35,3.3,0.5318164238319474,0,0.06710329651639318
Electronic City,0.22292634928579286,30.6,34,4.0,0.5600438406648722,0,0.1634200019947527
Electronic City,0.17282438283094026,30.4,36,4.3,0.5739199813236,4,0.24172199404459324
Electronic City,0.4822366727800226,29.8,37,4.8,0.5424116626902509,0,0.16599549974644687
Electronic City,-0.18862138767988187,28.2,44,3.9,0.23006933940147323,1,0.03050358313654087
Electronic City,1.066521572153462,26.4,52,2.7,0.7552716324855469,4,0.19268985449943718
Electronic City,0.2546068453725589,26.0,53,0.8,0.5871924233959922,3,0.22009481879064802
Electronic City,-0.3756311467584229,25.6,52,3.3,0.21874906812421327,3,0.0933797700193702
Electronic City,0.13443713651320038,23.1,63,5.1,0.6637688350439153,0,0.17821415804286234
Electronic City,0.6548023295827241,22.5,67,7.0,0.6060582159453589,0,0.11471299637884579
Electronic City,-0.2014220498368777,22.2,73,5.3,0.612288259516355,2,0.157091056551719
Electronic City,0.31264542297147757,21.8,76,3.2,0.3414231247407298,2,0.07924249817707264
Electronic City,0.08308597517707784,21.6,78,3.3,0.7926404448783635,4,0.1336216436675221
Electronic City,-0.17737212174451022,21.0,81,5.0,0.3874755430498108,1,0.06888694415609257
Electronic City,0.5771776401493792,20.9,82,4.7,0.6505839319146489,0,0.15117625120982833
Electronic City,0.3431912852294777,20.6,83,4.1,0.7090566862408307,2,0.09532854172827587
Electronic City,-0.6768544161186213,20.2,85,4.1,0.7371413739405528,4,0.21272993681504432
Electronic City,-0.5887602893438874,21.2,84,4.3,0.31348765869657363,0,0.11380384219871362
Electronic City,0.04688310780480862,23.7,75,6.8,0.5173931209894074,1,0.17065792770670685
Electronic City,0.601469259199932,25.6,67,10.2,0.5730624406153602,3,0.19469932288463024
Electronic City,-0.23192130954250276,27.1,58,9.5,0.2567073171722536,4,0.1042912040849798
Electronic City,0.147223734052828,28.7,51,7.1,0.7679404836124264,3,0.16288828290118465
Electronic City,-0.3783214921483192,29.8,45,4.3,0.2480230837273015,0,0.010891812664887958
Electronic City,-0.433310205442078,30.4,41,6.0,0.6432654419086746,3,0.20513302922436552
Electronic City,0.02353653221018137,30.8,39,7.2,0.4687328551004877,2,0.13733290886780458
Electronic City,0.17072398853020093,30.8,39,7.9,0.7613824494834758,1,0.1670348398729576
Electronic City,-0.19803418530879682,30.6,40,7.9,0.24958328115742484,3,0.1496809236551282
Electronic City,0.24919040157797884,30.1,41,6.8,0.22169474149252397,0,0.07031677514302881
Electronic City,-0.3497099707069079,28.8,47,3.9,0.5258094327796712,0,0.08400867840581261
Electronic City,-0.3724381034659879,27.5,53,2.3,0.520235698210197,1,0.10222490162570964
Electronic City,0.07360787111965314,25.8,60,4.1,0.7377996933765545,0,0.2276518745404061
Electronic City,-0.12359528035619768,24.7,61,8.7,0.7172147450746005,3,0.21197239367996798
Electronic City,0.3028472425246959,23.7,69,10.1,0.55470496554443,3,0.26213284856954505
Electronic City,0.9575180947054714,23.4,74,9.5,0.4285930363098282,1,0.18144004478094802
Electronic City,0.018394525499400464,22.8,78,7.9,0.3422453820942397,4,0.13266547790197625
Electronic City,0.11845803913546286,22.4,81,6.4,0.3439784036345594,0,0.039481579215723026
Electronic City,-0.7494079684641303,22.1,82,5.1,0.3647812673372687,2,0.04038605842951058
Electronic City,-0.36951627930656245,21.9,83,4.9,0.6479728350620624,1,0.20116077765139695
Electronic City,-0.7678628230229029,21.7,85,4.0,0.5625629629444147,2,0.10033933577052467
Electronic City,-0.18936063723702112,21.5,87,2.9,0.4740936009742759,2,0.17098026405037003
Electronic City,-0.11880747333445173,21.2,89,3.4,0.4530494606565977,2,0.11040826498322089
Electronic City,-0.6714853068889426,21.9,88,2.7,0.7481639342121917,2,0.19483881313637216
Electronic City,-0.6924543060725864,24.1,77,2.9,0.7647775745429433,4,0.14002466472673505
Electronic City,-0.4756711182873181,26.2,66,4.6,0.5667435837019409,2,0.1422775610859512
Electronic City,-0.6137488317020502,28.0,53,5.4,0.3019696745258132,0,0.12628607364691533
Electronic City,0.4895011755759135,29.5,43,9.2,0.3602175309520068,4,0.06692758856930676
Electronic City,0.27460531332393123,31.0,37,10.7,0.6798782137447053,3,0.23599894215535547
Electronic City,-0.2891890588588147,31.9,34,10.2,0.3524558676204034,4,0.1663620398008181
Electronic City,0.37675073010367577,32.3,33,10.8,0.40253029106633065,4,0.2117096547022394
Electronic City,0.3307445006386564,32.1,32,11.8,0.7056778267231165,0,0.24542391762628377
Electronic City,-0.2817227868573745,31.6,33,11.0,0.29793476875931413,4,0.10168436857106677
Electronic City,-0.3356299122604774,30.7,35,10.5,0.36239461724751754,2,0.11017957777696322
Electronic City,0.04323505972702962,29.2,40,9.4,0.5342293597090508,2,0.15697120183887772
Electronic City,-0.11471334025167597,27.2,47,8.0,0.6319096329449042,3,0.2839103181029966
Electronic City,-0.592847229307536,25.6,53,7.1,0.5912370624992954,3,0.1483179721478328
Electronic City,0.2010394769159966,24.6,57,7.4,0.29758813925177185,2,0.08873060130181015
Electronic City,0.0931454438611676,23.9,61,8.4,0.4152495996638861,0,0.1062192041003327
Electronic City,-0.020035396730931833,23.3,65,8.7,0.33681642098236964,4,0.11065000990399258
Electronic City,0.6868494459462432,22.9,69,8.4,0.35565565415527656,3,0.11292129299644582
Electronic City,0.10966555710162437,22.7,73,7.7,0.5126923397474812,4,0.06096528745716659
Electronic City,0.13617549156251235,22.3,77,6.4,0.29785952851366365,2,0.09044120229322761
Electronic City,1.2019492460881842,21.7,80,3.7,0.25258232477976167,4,0.04957288030001645
Electronic City,0.5747595755656273,21.0,83,3.1,0.41546698103076096,3,0.12635824736277662
Electronic City,-0.5246540581806625,20.8,83,4.5,0.5535289584812617,0,0.14311222125581533
Electronic City,-0.43079342047912705,21.3,79,4.1,0.22215358936727098,0,0.06205581822194434
Electronic City,-0.5913727333864777,22.4,72,4.0,0.35547335411291614,2,0.0
Electronic City,0.1593170759811978,23.9,65,5.2,0.3157409339473142,4,0.0
Electronic City,-0.22274136227757493,26.0,57,5.6,0.6529723052773808,3,0.13706467168779146
Electronic City,0.19165097909390294,28.5,48,6.0,0.6521830784981866,2,0.20365299627519587
Electronic City,-0.6253121009565361,30.5,40,6.6,0.2045489579168911,4,0.08684546898820594
Electronic City,-0.4471025077984657,31.9,34,7.7,0.5481952908019831,4,0.17795475134721744
Electronic City,0.020781879361488766,32.9,30,10.1,0.43182143180045857,0,0.1633045203084623
Electronic City,0.2950684284908143,33.3,27,12.1,0.5516593913343019,3,0.21762572493110144
Electronic City,-0.2074098397893037,33.0,26,13.0,0.683948847668024,2,0.2884742947201884
Electronic City,-1.1782609062534937,32.2,27,13.4,0.41249724632205764,3,0.10243032062385976
Electronic City,0.16502035562110098,31.1,30,13.0,0.5169485560097795,3,0.10964032940042434
Electronic City,-0.20574187103137137,29.5,36,11.8,0.26371902980542866,1,0.0942148911585268
Electronic City,-0.2229965577714027,27.6,43,9.7,0.48556037178272965,1,0.1299966235707674
Electronic City,0.6401629928155684,26.0,50,8.1,0.23590411246639975,4,0.1051292704389749
Electronic City,-0.47163691874862507,25.0,56,8.1,0.37650692336815095,2,0.1774245965897389
Electronic City,-0.10534378903909089,24.2,61,8.4,0.5273731086810501,4,0.17112779883959967
Electronic City,0.4812603994361372,23.5,67,8.4,0.33253772567066253,1,0.06535374094084927
Electronic City,0.7049527020505896,22.7,74,7.1,0.22517120982635885,1,0.07875470801366563
Electronic City,-0.1594302851365341,22.0,81,5.2,0.4847114722082787,1,0.19466508722226472
Electronic City,-0.06208641144295771,21.4,86,3.8,0.6539998971155973,2,0.1865840468771231
Electronic City,0.5193814420987937,20.8,89,3.2,0.2580183765872694,3,0.045486063686003234
Electronic City,0.4965979051693909,20.2,91,3.4,0.7532469011578087,1,0.15373630425960122
Electronic City,0.23285333052533394,20.2,90,3.5,0.5743266963642774,1,0.15572025147186355
Electronic City,0.4096395305622024,21.0,85,3.3,0.6191658547437137,1,0.08603043437294036
Electronic City,-0.39387341683094984,22.4,76,3.7,0.44692418638445874,0,0.13281467729963892
Electronic City,-0.1807258723548849,24.0,68,4.0,0.4101867785242092,0,0.13862015314222442
Electronic City,-0.2825703351262435,26.2,60,3.9,0.5456017558718784,4,0.12886771727767196
Electronic City,0.3498001998215207,28.7,51,3.6,0.4868161504471364,3,0.1124025639934202
Electronic City,0.6251107517140758,30.5,45,3.3,0.4626210504286236,2,0.19428532503968343
Electronic City,-0.16493816292851615,31.7,40,4.8,0.4772892871143695,3,0.1496721355456047
Electronic City,0.08494986820717168,32.8,34,7.4,0.5237920433095682,1,0.20693230661198014
Electronic City,-0.2341715081122957,33.4,31,9.7,0.6884596566392176,3,0.2723701643498707
Electronic City,0.5619912493547212,33.2,30,10.8,0.23421737421034233,1,0.08626587995556978
Electronic City,-0.4370147448589688,32.6,30,10.8,0.6943226578466124,3,0.1813029440081302
Electronic City,0.3940112660984925,31.6,32,10.1,0.5730493310251281,2,0.29698466165944304
Electronic City,-0.5729476345985779,30.4,36,8.8,0.23379902900350374,3,0.002298675581834192
Electronic City,-0.6981003932304164,28.9,41,6.8,0.4777001869879193,0,0.05686020602205506
Electronic City,-0.09301877880563961,27.4,47,5.3,0.4926953127647763,3,0.16353153606170248
Electronic City,0.534783005129599,26.1,53,5.2,0.2591178871003324,3,0.0709746457486074
Electronic City,0.068531495447312,24.8,60,5.2,0.7291715058268018,0,0.14239373857709925
Electronic City,0.496519517359328,23.7,66,5.2,0.5344852387630088,0,0.1438174213074906
Electronic City,-0.14163352424781775,22.9,73,4.8,0.29777993857166807,2,0.060186609902417657
Electronic City,-0.07927973478126199,22.4,80,4.7,0.40920286305866116,2,0.157412412963019
Electronic City,-0.19464797734969722,21.9,85,4.7,0.2896287069815835,2,0.0816954583654609
Electronic City,-0.044317505785660696,21.2,89,4.0,0.44112664562740506,1,0.13835039805409868
Electronic City,0.4383058870855292,20.7,91,3.4,0.37098598964414653,2,0.05148315373673991
Electronic City,-0.40611574805423256,20.7,90,2.9,0.4313637322870904,2,0.13457693031211476
Electronic City,0.5070542303364884,21.5,85,2.6,0.25872412851738197,3,0.21709821734505494
Electronic City,0.5745245509600486,22.8,77,2.7,0.44876089922661955,0,0.15673298309506117
Electronic City,0.20544960139299115,24.5,68,3.1,0.42400328669615295,4,0.12134405204030621
Electronic City,-0.26386866220175814,26.7,58,4.2,0.27222350749375146,3,0.04537774994391977
Electronic City,-0.2066308084904046,29.2,46,6.2,0.35183352389371914,0,0.20510302675688652
Electronic City,-1.1282694940560831,31.3,37,7.6,0.7511411224754729,1,0.10085970570056316
Electronic City,-0.40817226841123433,32.7,31,8.9,0.45559014177438795,1,0.13163981336466882
Electronic City,-0.16584057840945526,33.6,28,10.2,0.6021557512668467,3,0.18857374128044863
Electronic City,0.5066169358190638,34.1,26,11.6,0.6190834250910311,4,0.16848366226805075
Electronic City,-1.039353614379242,34.0,25,12.7,0.34685858239960954,1,0.20776874006068852
Electronic City,0.2270566536443685,33.5,25,13.7,0.758991234682207,0,0.3572600534993403
Electronic City,0.46296339074866816,32.5,26,14.1,0.2307786267204149,1,0.1478779837194801
Electronic City,-0.5520529083478801,30.7,29,13.1,0.24811932540251844,2,0.11406109642937128
Electronic City,-0.5464067381704332,28.4,34,11.9,0.6851414072734157,4,0.15377364889985132
Electronic City,-0.1474379206949072,26.4,40,10.7,0.2418864474025813,0,0.12471304969990087
Electronic City,-0.46440871103341846,25.2,48,10.0,0.6280681109276836,4,0.1115779423713651
Electronic City,1.2042870119736169,24.3,58,9.6,0.6632179432791321,3,0.10973598326521031
Electronic City,0.22297217083540988,23.5,66,8.8,0.5343103834111986,2,0.2195594687826773
Electronic City,-1.0380856631829478,22.6,72,7.5,0.7847320598086724,4,0.31815026339852964
Electronic City,-0.19223250278962964,21.8,76,5.5,0.6702040180843478,0,0.09666059819419563
Electronic City,0.5834564995387255,21.0,79,4.3,0.3809427156200862,0,0.1382365012690062
Electronic City,-0.9283958363278042,20.1,83,3.6,0.43882450020648034,4,0.20605770735331866
Electronic City,-0.3664436122792218,19.2,86,3.0,0.6710874960859975,2,0.14595320960213365
HSR Layout,-0.3863255892438491,17.6,90,2.0,0.46872301878058925,2,0.11153058745019431
HSR Layout,-1.0203862490691673,17.2,92,1.8,0.6577142911184628,2,0.09107515330737545
HSR Layout,0.13491468830536169,18.0,91,1.5,0.37449401510203245,1,0.13450057089434428
HSR Layout,0.22447192878694733,20.6,80,4.3,0.23018785395988153,1,0.07953399097748245
HSR Layout,-0.7332652483132333,23.0,70,7.6,0.27460005543754257,4,0.12132073361332389
HSR Layout,0.1757046402862382,25.3,63,8.6,0.6744294650198563,2,0.29687599341850673
HSR Layout,-0.34172917504040196,27.8,53,8.4,0.6833252105553211,3,0.14498775008300538
HSR Layout,-1.0161936050279143,29.4,46,9.1,0.7854083055187875,3,0.08224914812703954
HSR Layout,0.4284542441885015,30.4,39,8.8,0.3700302987852564,0,0.17714099022514204
HSR Layout,-0.05492573972466332,30.9,35,8.5,0.6168137399592744,4,0.17976719064097735
HSR Layout,-0.2591548744275795,30.7,35,9.8,0.39937281487057685,4,0.06123890721393124
HSR Layout,0.27478143014157913,30.1,35,11.0,0.7869387436472928,2,0.2158966512760194
HSR Layout,-0.1371631473671775,29.5,36,9.4,0.567842211074064,1,0.21379747787000034
HSR Layout,-0.08332817209235019,27.9,42,5.0,0.6840966181840087,2,0.09133991931463067
HSR Layout,-0.944390063489419,25.7,51,8.2,0.749988534496842,4,0.12154811839618446
HSR Layout,0.19401112963934847,24.0,62,9.8,0.7550056140233621,0,0.25912711090911295
HSR Layout,1.1104762979813199,23.2,66,5.6,0.24101756655918782,3,0.15880387177374708
HSR Layout,-0.4590940822774074,22.5,69,4.1,0.5130731710581399,2,0.19278779360501036
HSR Layout,-0.047223648597079226,22.0,72,5.8,0.24681929430263158,1,0.009025902277522174
HSR Layout,-0.12376556620738306,21.3,76,5.1,0.6515256244528496,4,0.11740744308346648
HSR Layout,0.1624659592287286,20.7,83,6.5,0.652555825284211,4,0.2821484491273004
HSR Layout,-0.4594199418868371,20.3,86,3.4,0.41134873382631526,1,0.03233997812078246
HSR Layout,-0.4265677137897287,19.9,88,5.0,0.7945802576057328,2,0.16929289380425397
HSR Layout,0.1621529009529788,19.6,89,5.0,0.5872464997589757,2,0.1222102681247248
HSR Layout,0.4814075415444184,19.2,92,3.6,0.7239042648153513,4,0.2252430653735159
HSR Layout,-0.6128793176817012,19.0,94,2.2,0.6981926968513752,2,0.13611175017325683
HSR Layout,0.3569778357076731,19.7,93,2.5,0.5221464085181688,2,0.13744252234016593
HSR Layout,0.0667423553227468,22.0,80,3.4,0.541865348233739,0,0.16900360125370065
HSR Layout,-0.325267704862771,24.7,68,3.0,0.2171395841433229,0,0.0
HSR Layout,0.2501730055796081,26.9,56,3.7,0.5664393926833456,2,0.12827083399714706
HSR Layout,-0.05617382440022385,28.5,47,3.3,0.7494657689950288,3,0.17504891175337434
HSR Layout,1.1096615968727095,29.4,41,2.4,0.4378224038226829,2,0.13816457818213743
HSR Layout,0.79580663642589,30.0,37,2.9,0.37151282941932395,0,0.0834412632097409
HSR Layout,0.4266301525957629,30.5,35,3.3,0.6460464725516064,1,0.1637845558108538
HSR Layout,-0.263679856417559,30.7,34,4.0,0.6212109140652164,1,0.1613926617403465
HSR Layout,0.8847320005220759,30.4,36,4.3,0.20926388272052435,0,0.14014093593638544
HSR Layout,0.016788334778759833,29.8,37,4.8,0.6363829336826412,4,0.19893243718835002
HSR Layout,-0.03540472456239356,28.2,44,3.9,0.6853747373246852,3,0.09805724976329584
HSR Layout,0.5209821658694285,26.5,52,2.7,0.431361590578043,1,0.0678116518204862
HSR Layout,0.7044608329034365,26.1,53,0.8,0.4459241247070389,2,0.11344858285595094
HSR Layout,1.0117962800525533,25.6,52,3.3,0.5639629182993766,1,0.15670768102894533
HSR Layout,-0.7901374218171172,23.2,63,5.1,0.7089989534349435,2,0.13994044955028037
HSR Layout,-0.4681933454967865,22.6,67,7.0,0.23932277126069362,0,0.08178795783685035
HSR Layout,-0.11314323512683548,22.2,73,5.3,0.5128503190486122,0,0.09285564784290426
HSR Layout,-0.3003520073583398,21.9,76,3.2,0.5780423719921556,4,0.16737985906836547
HSR Layout,0.5929829130483124,21.6,78,3.3,0.6719786822691665,3,0.16095277039671785
HSR Layout,-0.23309668985888787,21.0,81,5.0,0.5390265275872859,3,0.1791398876840185
HSR Layout,0.024828849636401223,20.9,82,4.7,0.2574478137543565,1,0.06147840951149172
HSR Layout,1.2358733449505939,20.6,83,4.1,0.4099723764326072,2,0.09669441821474888
HSR Layout,0.6301867140303922,20.3,85,4.1,0.44421312030140214,3,0.12613529461845
HSR Layout,-0.596063694015688,21.2,84,4.3,0.4937061128830234,3,0.06544471271089902
HSR Layout,-0.47413250239343785,23.7,75,6.8,0.5573645964135472,1,0.07188594125181001
HSR Layout,-0.0808118403075688,25.6,67,10.2,0.211934055289642,4,0.1543667187477573
HSR Layout,0.5868987601312035,27.2,58,9.5,0.5234970911383574,2,0.051618891036393805
HSR Layout,0.03232162985261816,28.8,51,7.1,0.7391534607251646,0,0.17853861447753855
HSR Layout,0.8870543489986501,29.8,45,4.3,0.7956945649567384,0,0.21631107133181277
HSR Layout,0.2696701368796011,30.4,41,6.0,0.303938279918469,1,0.18693631455870513
HSR Layout,0.4711094875531292,30.8,39,7.2,0.26969846545127507,3,0.15503810677858787
HSR Layout,0.41010999492009403,30.8,39,7.9,0.3652058246655693,3,0.08130885314973052
HSR Layout,-0.9068181515485687,30.6,40,7.9,0.4248143816813973,4,0.10989279509271
HSR Layout,0.2495084209073654,30.1,41,6.8,0.7686607366596567,2,0.18705970811702868
HSR Layout,0.05424859230808885,28.8,47,3.9,0.30571080246174753,0,0.10573515737459142
HSR Layout,0.05487731456816337,27.6,53,2.3,0.7454298397651895,3,0.15861863256782188
HSR Layout,-0.7940302831961716,25.8,60,4.1,0.6526525023726344,1,0.10896209369053667
HSR Layout,0.3360864765554378,24.7,61,8.7,0.4016542390383988,1,0.15344501290388615
HSR Layout,-0.7409887654437748,23.8,69,10.1,0.2993418589163272,0,0.0717442376692886
HSR Layout,-1.3421238165855767,23.4,74,9.5,0.2277136955718192,0,0.049230440050734056
HSR Layout,-1.5200578310444688,22.9,78,7.9,0.2398265990723687,3,0.037985034572353485
HSR Layout,-0.01998081473594866,22.5,81,6.4,0.68649004762281,0,0.1905292718144324
HSR Layout,0.3451221471365869,22.1,82,5.1,0.3374765302550775,4,0.1366219070784049
HSR Layout,-0.726920188651432,22.0,83,4.9,0.4793591068003116,4,0.09731664385605344
HSR Layout,-0.36126510939259626,21.7,85,4.0,0.32263124804749954,0,0.13458661399748936
HSR Layout,-0.08851608317789596,21.6,87,2.9,0.7643342691080435,1,0.13122644094951427
HSR Layout,-0.17031618750017832,21.3,89,3.4,0.7972751165945482,2,0.18811573138200222
HSR Layout,0.3864113925398715,22.0,88,2.7,0.25438043626949697,1,0.0702527257179571
HSR Layout,-0.3467456599526474,24.2,77,2.9,0.37042255358462395,3,0.17025082695809268
HSR Layout,0.5315539212144309,26.2,66,4.6,0.5285636055635803,4,0.16080580624613622
HSR Layout,-0.5669662560024814,28.1,53,5.4,0.5523033606260559,2,0.14588904753629428
HSR Layout,-0.18063409032062872,29.6,43,9.2,0.35993004608039064,0,0.09232187113071734
HSR Layout,0.25396313469520343,31.1,37,10.7,0.639024687185777,1,0.326871644892584
HSR Layout,0.17509409863834932,31.9,34,10.2,0.44067478245398983,3,0.13935185924455729
HSR Layout,-0.13287485500464075,32.4,33,10.8,0.2457731110587506,1,0.1320632622583715
HSR Layout,0.24972062021825886,32.2,32,11.8,0.7618242912743405,2,0.22715112468305027
HSR Layout,0.5106945556380219,31.7,33,11.0,0.5367129665842794,0,0.2689289757844985
HSR Layout,0.08634448356286015,30.8,35,10.5,0.2694604295986691,3,0.09451118418215754
HSR Layout,-0.3879418918188205,29.2,40,9.4,0.5774316806824981,3,0.13198961721002686
HSR Layout,-0.35651071224014363,27.3,47,8.0,0.42402493896735916,4,0.19742280668081513
HSR Layout,0.09500571502192057,25.6,53,7.1,0.47461772681213016,2,0.1283065877417967
HSR Layout,-0.21434126006860565,24.6,57,7.4,0.22668389246776485,1,0.11888886376676425
HSR Layout,-0.5375767530014568,23.9,61,8.4,0.3739630930440969,3,0.0559396389532471
HSR Layout,-0.41149168359112837,23.4,65,8.7,0.6351110111172911,1,0.12583090452805046
HSR Layout,0.9000809660829846,23.0,69,8.4,0.6247931310789941,1,0.19171533319564774
HSR Layout,-0.3046704775311129,22.7,73,7.7,0.2842247827871054,1,0.1484956760037405
HSR Layout,-0.018233714355717988,22.4,77,6.4,0.3959387706181561,3,0.10762182178809694
HSR Layout,0.8683523122519208,21.7,80,3.7,0.5732403827471508,0,0.23902967448294193
HSR Layout,-0.15740365837854828,21.0,83,3.1,0.674785150369827,2,0.2612559729354529
HSR Layout,0.351892532035108,20.8,83,4.5,0.39407426307270077,1,0.11137800008316623
HSR Layout,-0.03161995511106161,21.4,79,4.1,0.2581720112215332,3,0.01861970125214487
HSR Layout,-0.15608499104387613,22.5,72,4.0,0.46899662325930236,3,0.16834109110723175
HSR Layout,0.1895497473990148,24.0,65,5.2,0.2091687605426391,4,0.12721776134833948
HSR Layout,0.04216237259935118,26.1,57,5.6,0.5861264299561184,3,0.06984925738045245
HSR Layout,-0.37371350873979825,28.5,48,6.0,0.33388788556847526,4,0.022336948631003967
HSR Layout,0.22333304389491596,30.6,40,6.6,0.3499106380758181,1,0.15822775051850657
HSR Layout,-0.49197448715699105,32.0,34,7.7,0.7115914151228699,2,0.15249001076359253
HSR Layout,0.20325545378823454,32.9,30,10.1,0.717386283030748,3,0.36801366717664147
HSR Layout,-1.0740928337801205,33.3,27,12.1,0.6725630438837507,3,0.1572677781797716
HSR Layout,-0.37277209459391325,33.1,26,13.0,0.5566293878709438,1,0.24632039160398114
HSR Layout,0.8887230786419442,32.3,27,13.4,0.2310610447698778,0,0.2590236599535683
HSR Layout,0.6911121363383148,31.2,30,13.0,0.5377902012342702,0,0.26149934320799667
HSR Layout,0.003031138059536278,29.6,36,11.8,0.20603514706128112,0,0.09676343502000481
HSR Layout,0.8568496739707361,27.7,43,9.7,0.27473602634019606,2,0.10227461661300147
HSR Layout,-0.4319333651913416,26.1,50,8.1,0.3383489644924331,4,0.148417310416879
HSR Layout,-1.0712425733649893,25.0,56,8.1,0.42764337637760624,0,0.1336260397133593
HSR Layout,0.8912561425139056,24.2,61,8.4,0.5508180916824427,4,0.19826447592179383
HSR Layout,0.39075929576537327,23.5,67,8.4,0.5379490236195483,1,0.21623103038563643
HSR Layout,0.7202770067931875,22.8,74,7.1,0.7450281829780161,4,0.21133435406942955
HSR Layout,0.29962332640049244,22.1,81,5.2,0.7713749332976596,0,0.2030919368150303
HSR Layout,0.0007763025970219774,21.5,86,3.8,0.36491674677724334,4,0.14500685059381813
HSR Layout,-0.3892390586915219,20.8,89,3.2,0.23732675809608259,3,0.04073189843534909
HSR Layout,0.47467220694767,20.3,91,3.4,0.4515260813658837,4,0.12238122783950825
HSR Layout,0.7919193083248344,20.3,90,3.5,0.5678957423790967,3,0.1885705527455754
HSR Layout,0.6556189636913972,21.1,85,3.3,0.5758887766248735,0,0.10737578174107582
HSR Layout,0.12868509352230928,22.4,76,3.7,0.4280057947235115,2,0.19267782347969825
HSR Layout,-0.6127614639269082,24.1,68,4.0,0.586090218372058,3,0.16328916211401898
HSR Layout,0.7779746727012156,26.3,60,3.9,0.5190703708479925,3,0.09460416374860414
HSR Layout,-0.06742354727134742,28.8,51,3.6,0.5719847761007522,4,0.15790439885835636
HSR Layout,0.2989679645634214,30.6,45,3.3,0.5617151965320164,3,0.16173781208522336
HSR Layout,-0.1501337383919654,31.8,40,4.8,0.7971721317098293,3,0.213769466778734
HSR Layout,-0.25094107701934226,32.9,34,7.4,0.7337742915258394,1,0.19772775454131772
HSR Layout,0.38791056444714606,33.4,31,9.7,0.5948086569889433,2,0.26057475913575867
HSR Layout,0.4793275465922248,33.3,30,10.8,0.2866129353114621,1,0.12229739959212223
HSR Layout,0.7536396861008748,32.6,30,10.8,0.4357656136045126,0,0.09615116643332984
HSR Layout,0.05138551912906783,31.7,32,10.1,0.6252419792690801,1,0.18038867775283382
HSR Layout,-0.5766291996645592,30.4,36,8.8,0.4278599244854481,1,0.09849220006391779
HSR Layout,-0.3452845808607591,28.9,41,6.8,0.7422641760238102,0,0.31423790079351765
HSR Layout,0.3451061302491202,27.5,47,5.3,0.39222608269346626,3,0.22995759323216758
HSR Layout,-0.5850246797719498,26.1,53,5.2,0.4538479849699674,2,0.18594894840596582
HSR Layout,0.4129362288073909,24.8,60,5.2,0.7632082817506916,2,0.13537091830792192
HSR Layout,0.029016735091285762,23.7,66,5.2,0.7231392999711295,4,0.23348201338877844
HSR Layout,-0.16091598260495843,23.0,73,4.8,0.6141811988725867,1,0.15930382441298235
HSR Layout,-0.6456416001425963,22.4,80,4.7,0.437665680726947,0,0.1788632882663928
HSR Layout,-0.5649178243524309,21.9,85,4.7,0.7844065094950292,1,0.19292669949833485
HSR Layout,-0.21797936585866495,21.3,89,4.0,0.4276185394649096,0,0.17194481223933816
HSR Layout,0.3531617250006596,20.7,91,3.4,0.7627108452454758,2,0.10658211301270135
HSR Layout,-1.2539160469912622,20.7,90,2.9,0.3914526175377412,0,0.16008581115107043
HSR Layout,0.005512829059729322,21.5,85,2.6,0.6168542474725484,2,0.06837113800952763
HSR Layout,-0.8031657612311622,22.9,77,2.7,0.5892282137527699,0,0.08226530346908562
HSR Layout,0.6609876311797603,24.5,68,3.1,0.5374741609582784,2,0.15439691866547636
HSR Layout,-0.06096080874496161,26.7,58,4.2,0.7625244827122346,0,0.2655680265550829
HSR Layout,-0.5205407353931877,29.2,46,6.2,0.42704843827658245,4,0.05617133547958352
HSR Layout,-0.8711172696187406,31.3,37,7.6,0.4968009732916753,0,0.13018859261975135
HSR Layout,-0.3136828659834369,32.7,31,8.9,0.26144688697258056,3,0.10267601101436323
HSR Layout,-0.20976390133732767,33.7,28,10.2,0.31075651436995116,3,0.0
HSR Layout,0.2688924569764559,34.1,26,11.6,0.33806364143351864,2,0.14655553896458587
HSR Layout,0.3112670026746238,34.1,25,12.7,0.22377639986735998,1,0.04038286716938978
HSR Layout,-0.5284912338141895,33.6,25,13.7,0.23891064433964637,0,0.11962365417720104
HSR Layout,-0.3932842499243635,32.6,26,14.1,0.7134019336629533,1,0.2926885023514199
HSR Layout,0.7668743052133595,30.8,29,13.1,0.22230315356896266,0,0.06406597545484813
HSR Layout,0.030808205104147255,28.4,34,11.9,0.2660798561580225,1,0.15297307664769944
HSR Layout,-0.4371942338395952,26.5,40,10.7,0.5601131282445762,1,0.20160174226201127
HSR Layout,0.7793651269616857,25.2,48,10.0,0.6997286434627544,1,0.24320652728258177
HSR Layout,0.42552989309737893,24.4,58,9.6,0.42515637460676936,0,0.2533183573444089
HSR Layout,-0.39088311347785915,23.5,66,8.8,0.2717595019087376,4,0.153485833902953
HSR Layout,-0.33140590667995234,22.7,72,7.5,0.25726617619986414,0,0.14429283192947073
HSR Layout,-0.42260742641707455,21.8,76,5.5,0.580582561034626,0,0.05385900500029275
HSR Layout,-0.19844192663494759,21.1,79,4.3,0.3372434848276473,0,0.055575560220219984
HSR Layout,-0.09748050427519248,20.2,83,3.6,0.6179005629837646,3,0.1562184970399197
HSR Layout,0.13253341277328387,19.3,86,3.0,0.24911032388613066,3,0.04039683690286773
Koramangala,0.44441656583405964,17.6,90,2.0,0.2128698503283244,4,0.06395487396716021
Koramangala,-0.21912716981537955,17.3,92,1.8,0.5235797544171328,3,0.060210707743997546
Koramangala,-0.32875377057414595,18.1,91,1.5,0.5866733405099764,3,0.09667596560843808
Koramangala,1.334153140658838,20.7,80,4.3,0.6852825627386094,2,0.14327019971236912
Koramangala,0.20960651519585793,23.1,70,7.6,0.3071469914237996,4,0.11524949358679223
Koramangala,0.2940716378649956,25.3,63,8.6,0.5949993062506684,2,0.19523359286778078
Koramangala,-0.3106299365441946,27.8,53,8.4,0.7432860042527407,2,0.1300376821178874
Koramangala,-0.21016054657657304,29.5,46,9.1,0.2292413012977813,0,0.05287570651530491
Koramangala,0.5535719791656151,30.5,39,8.8,0.29900345400691997,3,0.1760622033042405
Koramangala,0.05914530964457661,30.9,35,8.5,0.33356593282083113,0,0.07702913580629406
Koramangala,-0.09358954398637784,30.8,35,9.8,0.42769277946773077,3,0.21521877935287417
Koramangala,-0.613489069344513,30.2,35,11.0,0.22245690452336706,3,0.19244847156181866
Koramangala,-0.1832171054897501,29.5,36,9.4,0.2157857602872293,4,0.14545811603676978
Koramangala,0.08920318289599248,27.9,42,5.0,0.38557173445427884,4,0.14310342006081736
Koramangala,-0.3041814099005593,25.8,51,8.2,0.4019196672401757,1,0.026612773012334112
Koramangala,-0.2963909679665222,24.0,62,9.8,0.5164371828654065,4,0.2048071351249871
Koramangala,-0.6567551887909233,23.2,66,5.6,0.6073388498734396,0,0.06649508238278849
Koramangala,0.4414206696355584,22.6,69,4.1,0.5482687353099192,1,0.23450268261326374
Koramangala,-0.13233640160234644,22.0,72,5.8,0.6649910115599778,0,0.027874132738096802
Koramangala,-0.5156890393895324,21.4,76,5.1,0.5256630624829541,1,0.19685695936503728
Koramangala,-0.12977371958801182,20.7,83,6.5,0.2507682643531859,2,0.03016064489632428
Koramangala,0.9427311442568882,20.3,86,3.4,0.6410096021829905,3,0.21939577687297585
Koramangala,-0.48744766916724763,19.9,88,5.0,0.35832402938422087,1,0.030618726535608987
Koramangala,-0.1778394186788731,19.7,89,5.0,0.40108448214936554,2,0.1255629968090895
Koramangala,0.6409573517588133,19.3,92,3.6,0.6923244114432574,0,0.22200623686705362
Koramangala,-0.4097462477787017,19.0,94,2.2,0.3123172774331918,3,0.07568685263311592
Koramangala,0.3863552921455341,19.8,93,2.5,0.6523122154041483,0,0.22071157879176678
Koramangala,-0.33897212522280645,22.0,80,3.4,0.30315101782898535,2,0.06905448840406353
Koramangala,0.5551623054407518,24.7,68,3.0,0.3380528904890945,4,0.0842392720264534
Koramangala,-0.1290327324263298,26.9,56,3.7,0.7036253614827708,1,0.13804530375527263
Koramangala,0.8234018953279547,28.5,47,3.3,0.2802714576596013,4,0.06940720549758445
Koramangala,-0.1001959768331148,29.5,41,2.4,0.7722753420438693,0,0.175178627358369
Koramangala,-0.025366819822684798,30.1,37,2.9,0.28117130142026026,1,0.14714113792465183
Koramangala,-0.34200424398607226,30.5,35,3.3,0.6815771252771812,2,0.10386137106770646
Koramangala,-0.5763204140552809,30.7,34,4.0,0.5276953416415662,0,0.23860949558038874
Koramangala,-0.3552359193875717,30.5,36,4.3,0.31166066704309336,4,0.009513307697674195
Koramangala,0.12978267920888853,29.9,37,4.8,0.4238051602936102,0,0.10693583514175009
Koramangala,-0.053350637747751756,28.3,44,3.9,0.7350510554297289,3,0.13013121220217755
Koramangala,0.18731206056131328,26.5,52,2.7,0.2792488240771399,4,0.02143662106657901
Koramangala,0.597533354417153,26.1,53,0.8,0.5422515326282595,4,0.13888638424108163
Koramangala,-0.19935754246001428,25.7,52,3.3,0.3340655968285028,2,0.08751843463807955
Koramangala,-0.5262630224361988,23.2,63,5.1,0.21896460796772718,4,0.05201896833271054
Koramangala,-0.04387095897433452,22.6,67,7.0,0.4996582953809243,2,0.08827360736755795
Koramangala,0.30608902763610635,22.3,73,5.3,0.40046371029463057,2,0.08842396635096608
Koramangala,0.3442204546199027,21.9,76,3.2,0.41403365825872446,2,0.1046700923519035
Koramangala,-0.7892929418737286,21.7,78,3.3,0.4976481484320421,1,0.02379277351403765
Koramangala,0.35713875762610875,21.1,81,5.0,0.5394418550632959,3,0.10656725175266124
Koramangala,0.06644081211100267,21.0,82,4.7,0.778782398603934,4,0.3251918492255154
Koramangala,-0.41143976193156107,20.7,83,4.1,0.3872782584161364,1,0.12856451693027954
Koramangala,-0.21620649219507748,20.3,85,4.1,0.5982405920889357,4,0.11371192177151417
Koramangala,0.23364566107169252,21.3,84,4.3,0.7228443286200785,3,0.22599799052160413
Koramangala,0.4742010078277106,23.8,75,6.8,0.7288607213845542,1,0.12430155760179651
Koramangala,-0.898784781237521,25.7,67,10.2,0.21777460999378037,0,0.14714634558676254
Koramangala,0.7638325821296876,27.2,58,9.5,0.6595306973566124,1,0.2528567125490308
Koramangala,-0.9316915139345202,28.8,51,7.1,0.745938609777554,1,0.20357577179007735
Koramangala,-0.17953513524387435,29.9,45,4.3,0.4072361789122861,0,0.11422969272959013
Koramangala,-0.5859337351565449,30.5,41,6.0,0.7230524688715314,4,0.20318145048604824
Koramangala,-0.03238419962488235,30.9,39,7.2,0.26265679605367154,1,0.07464469745760538
Koramangala,-0.8982772691828925,30.9,39,7.9,0.5344431179306199,0,0.19853290457825246
Koramangala,0.6406516554931776,30.7,40,7.9,0.5519152307338684,0,0.17047217004512433
Koramangala,0.005669051509995554,30.2,41,6.8,0.2345746931395699,2,0.04828614117776807
Koramangala,0.13168204340402237,28.9,47,3.9,0.41760308629492554,1,0.15558684478184756
Koramangala,-0.38307439364142387,27.6,53,2.3,0.6636874773376111,2,0.1086840169797852
Koramangala,0.2689729221395455,25.9,60,4.1,0.7734738785098774,0,0.16580610136872762
Koramangala,-0.5488439147207019,24.8,61,8.7,0.280514993931136,2,0.13493244725406625
Koramangala,-0.0779722944402338,23.8,69,10.1,0.5461529859153127,4,0.20869930120583086
Koramangala,0.685526697568022,23.5,74,9.5,0.7086945427623004,2,0.23150170783812263
Koramangala,0.026121154116884083,22.9,78,7.9,0.71028370324999,2,0.21562327750660393
Koramangala,-1.648737904464976,22.5,81,6.4,0.2876460153003978,0,0.05888497649703305
Koramangala,-0.6482524394132059,22.2,82,5.1,0.6648644903270575,0,0.16679229420997055
Koramangala,0.09375348497116356,22.0,83,4.9,0.2077018566893275,3,0.06275913427805285
Koramangala,-0.023319498169119983,21.8,85,4.0,0.35773025256599467,4,0.01741755513737206
Koramangala,-0.026567076441212173,21.6,87,2.9,0.22548066780235035,0,0.17750598088419411
Koramangala,0.3285361885704264,21.3,89,3.4,0.6985390777111922,3,0.14317059759771666
Koramangala,0.7713949254545136,22.0,88,2.7,0.48985408786946677,0,0.1513377801967212
Koramangala,0.621713867419218,24.2,77,2.9,0.324616550596479,3,0.04045715033159588
Koramangala,-0.061703491950341895,26.3,66,4.6,0.457827749359915,2,0.07128869518208772
Koramangala,-0.36865422782223906,28.1,53,5.4,0.26817387662528963,4,0.1058857198304782
Koramangala,-0.12156182646939957,29.6,43,9.2,0.5758343349064389,2,0.22722526174072716
Koramangala,0.002790512876736411,31.1,37,10.7,0.27377602063740303,0,0.14050064287843556
Koramangala,0.6293319169579601,32.0,34,10.2,0.799260162044007,0,0.23353310678140418
Koramangala,0.12463581608281081,32.4,33,10.8,0.3296125713511141,2,0.14629585764310427
Koramangala,-0.5399399968830528,32.2,32,11.8,0.5229253478076297,3,0.1630965639511005
Koramangala,0.35105798507667774,31.7,33,11.0,0.2744570409125685,0,0.04668388974732471
Koramangala,0.7105645641533562,30.8,35,10.5,0.5035119109785269,1,0.12564175719223925
Koramangala,0.10810164059320075,29.3,40,9.4,0.41090016992221845,0,0.16011615915701397
Koramangala,0.3522142931105837,27.3,47,8.0,0.6033070062079117,2,0.20341231653710382
Koramangala,-0.255870183871785,25.7,53,7.1,0.5782971697124124,1,0.14104237640355327
Koramangala,-0.23625521111323936,24.7,57,7.4,0.6523408326217857,4,0.19880743021036848
Koramangala,-0.6313092410126656,24.0,61,8.4,0.3960527325026664,0,0.10026404209436783
Koramangala,0.4471305228067586,23.4,65,8.7,0.4617481735416491,1,0.13793691572076006
Koramangala,0.1809531563850355,23.0,69,8.4,0.3900235799439842,3,0.26959344844253275
Koramangala,-0.6545048219091322,22.8,73,7.7,0.7382279959774516,1,0.16933236480231673
Koramangala,0.020671132645270464,22.4,77,6.4,0.28136195351466636,1,0.022010067728658156
Koramangala,0.39558757273422507,21.8,80,3.7,0.4943818378997599,4,0.14002566508936493
Koramangala,0.6971716022170948,21.1,83,3.1,0.31743793610845633,4,0.16275012639734812
Koramangala,-0.31243547142783007,20.9,83,4.5,0.3078340766824661,4,0.06419377805536633
Koramangala,0.6202899638004383,21.4,79,4.1,0.5047806510986868,0,0.1442073434443148
Koramangala,0.5322309297432876,22.5,72,4.0,0.4262778179096927,2,0.09956757930383604
Koramangala,-0.408245626788704,24.0,65,5.2,0.46460307972998677,3,0.13938552469859833
Koramangala,0.1994008507811903,26.1,57,5.6,0.4532860377669386,2,0.05498703936118815
Koramangala,0.47670719764701486,28.6,48,6.0,0.49276846204876573,1,0.10497790440678503
Koramangala,0.34218007611003987,30.6,40,6.6,0.3383780614880236,0,0.188419751407791
Koramangala,0.5688567681668982,32.0,34,7.7,0.6898357212197185,3,0.22728626767195276
Koramangala,-0.8682196832662118,33.0,30,10.1,0.7322712246214713,2,0.30735426278229083
Koramangala,-0.12444943912704488,33.4,27,12.1,0.3153681343745715,0,0.09555856753413616
Koramangala,-0.13568449145450936,33.1,26,13.0,0.3190092723305211,1,0.08006255667099703
Koramangala,0.1686825655886242,32.3,27,13.4,0.7399254970489471,2,0.23906766446973854
Koramangala,0.007203910623983845,31.2,30,13.0,0.20562222648147185,4,0.19228976741379458
Koramangala,0.7244752105083082,29.6,36,11.8,0.24785327078042524,0,0.24200489212205342
Koramangala,-0.2921800725694259,27.7,43,9.7,0.7198372515986835,4,0.23252417774006862
Koramangala,-0.3433841329120187,26.1,50,8.1,0.48792796169004815,0,0.11855096347935423
Koramangala,-0.4019460776918343,25.1,56,8.1,0.6315881216682104,0,0.15879434862095068
Koramangala,-0.11367585885299573,24.3,61,8.4,0.46034697795527113,4,0.025813845309809125
Koramangala,0.934140175914118,23.6,67,8.4,0.613176658687417,4,0.10645788423654677
Koramangala,-0.0995918471350589,22.8,74,7.1,0.7137063664600098,0,0.17454496974571443
Koramangala,-0.7516401216612282,22.1,81,5.2,0.6824409370788403,0,0.17849933318027686
Koramangala,-0.010188902506624227,21.5,86,3.8,0.6188760976711758,3,0.18923418051888627
Koramangala,-0.04090292994971551,20.9,89,3.2,0.5914982017146746,3,0.11705165445344132
Koramangala,0.034270785384932854,20.3,91,3.4,0.4438063084121112,0,0.12261586131910823
Koramangala,-0.5606926009980074,20.3,90,3.5,0.5143217249860479,4,0.08852028081823511
Koramangala,0.5845237203287513,21.1,85,3.3,0.5925727745451168,2,0.15965590538179736
Koramangala,-0.06830440094519966,22.5,76,3.7,0.3902217337588349,3,0.0673182853603096
Koramangala,-0.803951938958657,24.1,68,4.0,0.45338748378128785,2,0.17253983715415508
Koramangala,0.5287781569496781,26.3,60,3.9,0.2121825721680016,4,0.06976928338601865
Koramangala,-0.2421872010265527,28.8,51,3.6,0.575089574412409,2,0.1844872056083638
Koramangala,0.024689018888558623,30.6,45,3.3,0.6557601299841049,2,0.13417636586505188
Koramangala,-0.8769449840375357,31.8,40,4.8,0.6592312849336193,1,0.09060018944097542
Koramangala,-0.22741889027138254,32.9,34,7.4,0.5511363261662842,2,0.1870762382636943
Koramangala,-0.5251690603427125,33.5,31,9.7,0.3510308022327522,0,0.025577822101269423
Koramangala,-0.4379752181287815,33.3,30,10.8,0.6654637265749943,2,0.21420485037928874
Koramangala,-0.25000424250584996,32.7,30,10.8,0.4973077382623014,0,0.17805795043246878
Koramangala,-0.12167221233029533,31.7,32,10.1,0.4750174920501844,4,0.1936284353937944
Koramangala,0.2630822529667917,30.5,36,8.8,0.21960438721220038,0,0.1750710112109616
Koramangala,-0.04489376570293671,29.0,41,6.8,0.47730845341597916,3,0.1054291734395646
Koramangala,0.1795785394035206,27.5,47,5.3,0.4158308008631834,1,0.09277582094330837
Koramangala,0.2586476504120339,26.2,53,5.2,0.29668434299582114,2,0.02097129959994451
Koramangala,0.006261468803567278,24.9,60,5.2,0.4057043773944484,4,0.08165454548162604
Koramangala,0.7003579847311903,23.8,66,5.2,0.29890803659133725,3,0.031068796625579223
Koramangala,0.13519697968911026,23.0,73,4.8,0.603690348151898,0,0.12232226255330617
Koramangala,-0.2627536965858623,22.5,80,4.7,0.6709257633573338,4,0.11819227986019926
Koramangala,-0.8111442618972879,22.0,85,4.7,0.5200075615459101,4,0.10423307385404977
Koramangala,0.06075714471833996,21.3,89,4.0,0.5940053221714885,3,0.1492101872539449
Koramangala,0.6082879506842569,20.8,91,3.4,0.7767542670955152,4,0.21116122399524365
Koramangala,-0.018024351570589084,20.8,90,2.9,0.5527529698502223,1,0.16709216143530486
Koramangala,-0.004954462297542111,21.6,85,2.6,0.46933992595387813,1,0.07006299110723338
Koramangala,-0.647855980370006,22.9,77,2.7,0.4553433594177978,0,0.04173799808867579
Koramangala,0.2974545598597841,24.6,68,3.1,0.5021339250578789,1,0.15663723053278825
Koramangala,-0.3653545156866251,26.8,58,4.2,0.4372860232980145,0,0.05464179812704136
Koramangala,-0.1958185047474714,29.3,46,6.2,0.6522680727445164,2,0.17429524792978707
Koramangala,0.30017979877414624,31.4,37,7.6,0.7047628726670945,4,0.29112204591676305
Koramangala,-0.2959691326707791,32.8,31,8.9,0.7693474682847441,4,0.27455164964697604
Koramangala,-0.5091396880108431,33.7,28,10.2,0.7180244596741885,3,0.09666133121955674
Koramangala,0.6365853842764588,34.2,26,11.6,0.7372029904871251,2,0.3378390949406739
Koramangala,-0.18269641097831968,34.1,25,12.7,0.5943770543823683,4,0.1675839468232685
Koramangala,0.21526581382503726,33.6,25,13.7,0.5305658898982477,4,0.20022553357140424
Koramangala,1.335956926692868,32.6,26,14.1,0.49280092405196135,3,0.20042573407171316
Koramangala,0.21345621418807947,30.8,29,13.1,0.23270735102480128,0,0.10827557358091222
Koramangala,-0.2812815489499408,28.5,34,11.9,0.7647310596010641,4,0.16589284107656754
Koramangala,-0.395958628055645,26.5,40,10.7,0.6775089599102039,2,0.12542096266392083
Koramangala,-0.7982510824130119,25.3,48,10.0,0.47833550880277104,3,0.12488232889019812
Koramangala,-0.10657894331277439,24.4,58,9.6,0.32662432988893464,3,0.11949169142338052
Koramangala,0.42979953792255654,23.6,66,8.8,0.5615282848424653,3,0.16685471431332727
Koramangala,0.24320974466300155,22.7,72,7.5,0.6934717456560635,1,0.23229411778889575
Koramangala,0.35261207475145684,21.9,76,5.5,0.7968897943884086,3,0.08879250247718018
Koramangala,0.3221009633560418,21.1,79,4.3,0.7518926278200564,3,0.23951181635070307
Koramangala,-0.2356677110578944,20.2,83,3.6,0.5550565099789149,1,0.18213384948263253
Koramangala,-0.03991579662139051,19.3,86,3.0,0.3863500255986394,0,0.11204033021730989
